Name,Mobile,address,Shift,type,Joined,City,state,rating,reviews,open_now,lat,lng,status,website
"Precious Forever Banquet Hall, Peeragarhi","088825 00400","D, 9, Main Rohtak Rd, Udyog Nagar, Mangolpuri, Delhi, 110041, India","DAY","Third Party","","Delhi","Delhi","4.7","13251","true","28.6810642","77.087339","OPERATIONAL","https://preciousforeverbanquet.com/"
"The Gracious Banquets, Naraina, Delhi","099111 70065","A-25, Block B, Naraina Industrial Area Phase 2, Naraina, Delhi, 110028, India","DAY","Third Party","","Delhi","Delhi","4.7","12361","true","28.6438635","77.14686680000001","OPERATIONAL",""
"CB Crown Banquet","096677 70609","H1A, 25, Sector 63 Rd, H Block, Sector 63, Noida, Uttar Pradesh 201301, India","DAY","Third Party","","Delhi","Delhi","4.9","2084","true","28.6273953","77.3753911","OPERATIONAL","https://www.crownbanquetnoida.com/"
"The Grandeur by Lavanya banquet","072919 15353","A-15, Mahatma Gandhi Rd, Block A, Wazirpur Industrial Area, Ashok Vihar, Delhi, 110052, India","DAY","Third Party","","Delhi","Delhi","4.3","4643","true","28.7001144","77.1599489","OPERATIONAL",""
"Royal Pepper Banquet hall (Tulip): Wazirpur","088825 00400","B-70, Wazirpur Industrial Area Rd, opp. shalimar bagh, Block B, Wazirpur, Ashok Vihar, Delhi, 110052, India","DAY","Third Party","","Delhi","Delhi","4.6","18833","true","28.7047378","77.172251","OPERATIONAL","http://www.royalpepperbanquets.com/wazirpur/"
"Royal Pepper Banquet hall (Krish): Wazirpur","099991 25887","C-94, Ring Rd, Block B, Poorbi Shalimar Bag, Wazirpur, Delhi, 110052, India","DAY","Third Party","","Delhi","Delhi","4.5","13340","true","28.7029749","77.1690587","OPERATIONAL",""
"A1 banquet","078348 73747","A-1, Industrial Area Phase I, Block A, Naraina Industrial Area Phase 1, Naraina, New Delhi, Delhi 110028, India","DAY","Third Party","","Delhi","Delhi","4.6","3982","true","28.6333545","77.13938879999999","OPERATIONAL",""
"The Oreanns Banquet","090589 05847","M45X+478 Main Patel Road, Najafgarh Rd, Block C, Najafgarh Road Industrial Area, New Delhi, Delhi, 110015, India","DAY","Third Party","","Delhi","Delhi","4.1","936","true","28.6579179","77.14841609999999","OPERATIONAL","https://event-planner.co.in/the-oreanns-banquet/"
"Vintage Banquet | Luxury Banquet Hall in Vasundhara, Indirapuram, Ghaziabad","077110 08868","CP-5, Sector 9, Vasundhara, Ghaziabad, Uttar Pradesh 201012, India","DAY","Third Party","","Delhi","Delhi","4.3","612","true","28.660165","77.3697514","OPERATIONAL","http://vintagebanquets.com/"
"Grand Azalea Banquet","072900 21421","36, Rama Rd, Moti Nagar, Block C, Najafgarh Road Industrial Area, New Delhi, Delhi, 110015, India","DAY","Third Party","","Delhi","Delhi","4.3","3128","true","28.6613825","77.15425739999999","OPERATIONAL","http://www.grandazalea.in/"
"Meraki Banquet","098211 28888","Triveni Complex, B-10, Sheikh Sarai Phase 1, Sheikh Sarai, New Delhi, Delhi 110017, India","DAY","Third Party","","Delhi","Delhi","4.3","585","true","28.5365065","77.22371369999999","OPERATIONAL",""
"Royal Pepper Banquet hall - Sector 3, Rohini","088825 00400","1, Community Centre, Rohini Sec 3 Near JIMS College and HP Petrol Pump, Sector 3, Rohini, New Delhi, Delhi, 110085, India","DAY","Third Party","","Delhi","Delhi","4.5","5187","true","28.703746","77.107889","OPERATIONAL","http://www.royalpepperbanquets.com/rohini/"
"Diamond Crown Banquet","098181 11336","H 55, Hoshiyarpur, Sector 51, Noida, Uttar Pradesh 201303, India","DAY","Third Party","","Delhi","Delhi","4.4","5702","true","28.5785315","77.3705805","OPERATIONAL",""
"Mapple Gold Banquet","085270 26211","D Mall, Sunder Vihar, Paschim Vihar, NEW DELHI, Delhi, 110087, India","DAY","Third Party","","Delhi","Delhi","4.1","5519","true","28.6678359","77.092072","OPERATIONAL","https://www.mapplegold.com/"
"Dream Heritage Banquet","078386 74411","882, E Park Rd, Block 57, Karol Bagh, New Delhi, Delhi, 110005, India","DAY","Third Party","","Delhi","Delhi","4.3","793","true","28.6511315","77.1978714","OPERATIONAL",""
"Euphoria Banquet","072900 57031","F-3, opposite Metro Pillar No 310, Udyog Nagar, Industrial Area, Peeragarhi, Delhi, 110041, India","DAY","Third Party","","Delhi","Delhi","4.2","3740","true","28.68101589999999","77.08503069999999","OPERATIONAL","http://www.euphoriabanquets.com/"
"ANDAAJ MANSION BANQUET","089294 39711","metro station, 63, Rama Rd, opposite Kirti Nagar, Block B, Najafgarh Road Industrial Area, New Delhi, Delhi, 110015, India","DAY","Third Party","","Delhi","Delhi","4.1","1764","true","28.6563229","77.15106779999999","OPERATIONAL",""
"Rivaah Celebrations Banquet hall gaur city","088005 05342","Hall No 1 & 2. Lower Ground Floor Gaur City, 14th, Avenue, Highstreet, Gaur City 2, Greater Noida-201318, Delhi, Gaur City 2, Greater Noida, Chipyana Khurd Urf Tigri, Uttar Pradesh 201318, India","DAY","Third Party","","Delhi","Delhi","4.5","1217","true","28.6187077","77.4182422","OPERATIONAL",""
"Forever Banquet","099710 88330","20, Paschim Vihar Extn, Main Rohtak Rd, opposite Metro Pillar 193, Paschim Vihar Extension, Paschim Vihar, New Delhi, Delhi, 110063, India","DAY","Third Party","","Delhi","Delhi","4.6","327","true","28.6766652","77.1152341","OPERATIONAL",""
"Regalia Banquet Moti Nagar","099530 70809","15, Shivaji Marg, Block C, Moti Nagar, Delhi, 110015, India","DAY","Third Party","","Delhi","Delhi","4.1","1442","true","28.665936","77.162531","OPERATIONAL","http://www.instagram.com/regaliamotinagar"
"Aadhya Banquet","098995 66511","C-52 A First Floor, RDC, Sector 15, Sector 10, Raj Nagar, Ghaziabad, Uttar Pradesh 201002, India","DAY","Third Party","","Delhi","Delhi","4.7","273","true","28.6759061","77.4431711","OPERATIONAL","https://www.facebook.com/aadhyabanquet"
"Orchid Farms | Best Banquet Hall in Indirapuram, Ghaziabad","088026 47474","CISF Road, Shaheed Captain Manoj Pandey Marg, opposite Bharat Petrol Pump, Kanawani Village, Indirapuram, Ghaziabad, Uttar Pradesh 201014, India","DAY","Third Party","","Delhi","Delhi","4.5","509","true","28.6520405","77.3781783","OPERATIONAL","http://www.orchidfarmsindirapuram.com/"
"AZALEA Banquet","088603 43454","C 162, Naraina Industrial Area, Phase-I, Industrial Area Phase I, Block C, Naraina Industrial Area Phase 1, Naraina, New Delhi, Delhi 110028, India","DAY","Third Party","","Delhi","Delhi","4.1","1547","true","28.6296988","77.1372232","OPERATIONAL","https://azaleabanquet.in/"
"KANGNA GRAND BANQUET","099991 04365","West Metro Station, opposite metro pillar 695, near Uttam Nagar, Block E, Param Puri, Uttam Nagar, New Delhi, Delhi, 110059, India","DAY","Third Party","","Delhi","Delhi","4.4","1702","true","28.6211393","77.0540658","OPERATIONAL",""
"Mithila Banquet- Vegetarian banquet halls in Noida| Best Banquet halls in Noida","099710 89194","Plot# 565, next to RK Public School, Shramik Kunj, Sector 66, Noida, Uttar Pradesh 201309, India","DAY","Third Party","","Delhi","Delhi","4.3","148","true","28.6094728","77.37682219999999","OPERATIONAL","http://www.thenoidahotel.com/"
"RAMA BANQUET HALL","098595 91122","Ground Floor, Metro Station, opposite gate no-3, Block E, Sector 52, Noida, Uttar Pradesh 201303, India","DAY","Third Party","","Delhi","Delhi","4.5","2787","true","28.5865603","77.3726626","OPERATIONAL","https://ramabanquets.com/"
"Anandee Homes Banquet","088105 11604","C-4, opp. Kendriya Vihar, Hoshiarpur Village, Sector 51, Noida, Uttar Pradesh 201303, India","DAY","Third Party","","Delhi","Delhi","4.4","1228","true","28.5794183","77.3661994","OPERATIONAL","http://anandeebanquet.in/"
"KNOTS FOREVER BANQUET","011 4287 0219","B-29, Industrial Area, GT Karnal Road Industrial Area, Ashok Vihar, Delhi, 110033, India","DAY","Third Party","","Delhi","Delhi","4.2","1711","true","28.6954196","77.18418369999999","OPERATIONAL",""
"Golden Gate Banquet Hall","097118 73337","B-18, Satguru Ram Singh Rd, Block B, Mayapuri Industrial Area Phase I, Mayapuri, Delhi, 110064, India","DAY","Third Party","","Delhi","Delhi","4.1","2163","true","28.6294226","77.1238518","OPERATIONAL","http://www.goldengatebanquets.com/"
"Golden Dreams Banquets","096433 32979","Ajit Tower, 59/18, Guru Ravidas Marg, Ami Chand Khand, Block AC, Block K, Kalkaji, New Delhi, Delhi 110019, India","DAY","Third Party","","Delhi","Delhi","4.2","903","true","28.5404366","77.262155","OPERATIONAL","https://goldendreamsbanquets.com/"
"Kanak Banquets","095827 87830","Metro Pillar Number 303, A-38, NH-19, Block B, Mohan Cooperative Industrial Estate, Badarpur, New Delhi, Delhi 110044, India","DAY","Third Party","","Delhi","Delhi","4.2","973","true","28.5217021","77.2934329","OPERATIONAL",""
"Zion Banquet","074289 18881","Plot No 9A, Najafgarh Rd, near Haldiram, Moti Nagar, Karampura Industrial Area, Moti Nagar, New Delhi, Delhi, 110015, India","DAY","Third Party","","Delhi","Delhi","4.2","1913","true","28.6621299","77.15174139999999","OPERATIONAL",""
"J. S. Garden Banquet By Khanak","077038 08900","A36, Block B, Sector 132, Noida, Uttar Pradesh 201304, India","DAY","Third Party","","Delhi","Delhi","4.6","1408","true","28.5108938","77.37568739999999","OPERATIONAL",""
"KTG Banquet Hall","099900 26873","1st Floor, Plot no. 2, opp. LIC Building, C Block, Phase 2, Industrial Area, Sector 62A, Noida, Uttar Pradesh 201020, India","DAY","Third Party","","Delhi","Delhi","4.9","207","true","28.6131572","77.35476969999999","OPERATIONAL",""
"The Florence Banquet Hall | Bella Vista - Club Venue in Delhi","098994 51552","26 shivaji Marg, Najafgarh Rd, Block C, Najafgarh Road Industrial Area, New Delhi, Delhi, 110015, India","DAY","Third Party","","Delhi","Delhi","4.4","1144","true","28.6633887","77.1563001","OPERATIONAL","https://www.instagram.com/theflorencebanquet/"
"Golden Rose Banquet's - Group Gurmeet","098716 37873","Office 71, Aditya Mega Mall, near Karkardooma Road, Vishwas Nagar Extension, Vishwas Nagar, Shahdara, Delhi, 110032, India","DAY","Third Party","","Delhi","Delhi","4.6","3420","true","28.6559747","77.3013154","OPERATIONAL",""
"god grace - Rohini","088825 00400","292, Sir Chotu Ram Marg, Sector 3, Sector 3G, Rohini, Delhi, 110085, India","DAY","Third Party","","Delhi","Delhi","4.4","3774","true","28.7067823","77.1055564","OPERATIONAL",""
"S L House","098719 31440","176, Maharishi Dayanand Marg, Opposite Panchasheela Park, Block S, Jahanpanah Monument, Malviya Nagar, New Delhi, Delhi 110017, India","DAY","Third Party","","Delhi","Delhi","4.1","2064","true","28.5409593","77.2105887","OPERATIONAL",""
"Sawan Banquets- Banquet Hall in Moti Nagar","098214 91705","54-A/1, Rama Rd, near Moti Nagar, Block B, Najafgarh Road Industrial Area, New Delhi, Delhi, 110015, India","DAY","Third Party","","Delhi","Delhi","4","1162","true","28.6616076","77.1550212","OPERATIONAL","https://sawanbanquets.com/?utm_source=Google&utm_medium=GMB&utm_campaign=organic"
"La Maurya Banquet","093554 44750","42, GT Karnal Rd, opposite Metro Pillar Number 123, Block A, Rajasthan Udyog Nagar, Jahangirpuri, New Delhi, Delhi, 110033, India","DAY","Third Party","","Delhi","Delhi","4.3","1090","true","28.724134","77.16355899999999","OPERATIONAL",""
"Grand Milan Banquet Hall","098111 74040","Dr Burman Rd, Ram Nagar, Kaushambi, Ghaziabad, Uttar Pradesh 201010, India","DAY","Third Party","","Delhi","Delhi","4.2","1855","true","28.6450025","77.3264734","OPERATIONAL","http://www.grandmilanbanquets.com/"
"The City Light Banquet Hall in Greater Noida Extension","095600 85061","Greater Noida West, behind STELLAR JEEVAN, near Yatharth Hospital, Sector-1, Society, Bisrakh Jalalpur, Greater Noida, Bisrakh Jalalpur, Uttar Pradesh 201318, India","DAY","Third Party","","Delhi","Delhi","4.4","326","true","28.5678186","77.4457585","OPERATIONAL","http://thecitylight.in/"
"Wow Palace Banquet | Best Banquet in indirapuram Ghaziabad","072790 08900","C-6, Shaheed Captain Manoj Pandey Marg, Shakti Khand 4, Indirapuram, Ghaziabad, Uttar Pradesh 201014, India","DAY","Third Party","","Delhi","Delhi","4.1","498","true","28.647635","77.378784","OPERATIONAL",""
"GOLDEN ROYALE BANQUET HALL","011 4556 3908","27, Shivaji Marg, near Moti Nagar Chowk, Block C, Najafgarh Road Industrial Area, New Delhi, Delhi, 110015, India","DAY","Third Party","","Delhi","Delhi","4.2","3283","true","28.6633451","77.1554835","OPERATIONAL",""
"3G Celebration Banquet","099112 00451","D-mall, near peepal chowk, Niti Khand 3, Shakti Khand 2, Indirapuram, Ghaziabad, Uttar Pradesh 201014, India","DAY","Third Party","","Delhi","Delhi","4.2","855","true","28.6457525","77.3750556","OPERATIONAL",""
"Grand Imperia Banquet","073034 22004","33/33 A, Rama Rd, Block C, Najafgarh Road Industrial Area, New Delhi, Delhi, 110015, India","DAY","Third Party","","Delhi","Delhi","4.2","3383","true","28.660262","77.15167","OPERATIONAL",""
"L'Elegant Royal Banquet - Best Wedding Venue in Kalindi Kunj","097176 52709","Block H, Kalindi Kunj, New Delhi, Delhi 110076, India","DAY","Third Party","","Delhi","Delhi","4.2","767","true","28.5447195","77.30948529999999","OPERATIONAL","https://www.leelegant.com/"
"Blessings The Banquet","099996 41207","Plot No 9 Pitampura Opposite Apeejay School New, Adjoining Ramada Hotel, M4Rc+F23, Road Number 42, Division, Sainik Vihar, Pitampura, New Delhi, Delhi, 110034, India","DAY","Third Party","","Delhi","Delhi","4.1","279","true","28.6911875","77.1200625","OPERATIONAL","https://nishatgarden.com/"
"Tarang Banquet","093190 35435","Road No 56, Main Road, 136, Ghazipur Village, Ghazipur, New Delhi, Delhi, 110092, India","DAY","Third Party","","Delhi","Delhi","4","1634","true","28.6335089","77.31574599999999","OPERATIONAL","https://www.tarangbanquet.com/"
"Banquet Surya Grand Dwarka-best banquet and party lawn dwarka nearby-best banquet hall in west delhi","","Dattaram marg, near, Dwarka Flyover, Sector 7 Dwarka, Palam, New Delhi, Delhi, 110045, India","DAY","Third Party","","Delhi","Delhi","4.2","3436","true","28.5924107","77.07522639999999","OPERATIONAL","http://www.suryagrand.com/www.suryabanquets.com"
"Trinity Banquet by The Grand Iris","098182 49200","MC9X+JC7, Block C, Sector 18, Kavi Nagar, Ghaziabad, Uttar Pradesh 201002, India","DAY","Third Party","","Delhi","Delhi","4.3","273","true","28.6690154","77.4485249","OPERATIONAL",""
"Platinum Crown - Banquet Hall in Raj Nagar Extension Ghaziabad","099905 03366","Platinum Crown, Meerut Bypass Rd, near Shalvika Farm House, Ghaziabad, Uttar Pradesh 201003, India","DAY","Third Party","","Delhi","Delhi","4.5","145","true","28.7018483","77.3999638","OPERATIONAL","https://www.platinumcrown.in/"
"Grand Aashirwad Banquet","","Grand Aashirwad Banquet Hall, Wazirabad Rd, opposite Shalimar Garden, Ashok Vatika, Sahibabad, Ghaziabad, Uttar Pradesh 201006, India","DAY","Third Party","","Delhi","Delhi","4.2","641","true","28.6940087","77.3432243","OPERATIONAL","https://aashirwadbanquethall.in/"
"Aashirwad Banquet","098994 72848","486/ 2, Jheel Kuranja, Jheel Khurenja, Geeta Colony, Delhi, 110051, India","DAY","Third Party","","Delhi","Delhi","3.8","1366","true","28.6563485","77.2733588","OPERATIONAL",""
"The Great Palace Banquet","093304 93307","Great Palace Banquet Hall, Seelampur Metro Sta Rd, New Seelampur, Seelampur, Shahdara, Delhi, 110053, India","DAY","Third Party","","Delhi","Delhi","4.5","231","true","28.670335","77.2671594","OPERATIONAL","https://www.thegreatpalacebanquethall.in/"
"RAJKAMAL BANQUETS","097114 42717","2nd Floor, Aggarwal Fun City Mall, Vishwas Nagar Extension, Karkardooma, Shahdara, Delhi, 110032, India","DAY","Third Party","","Delhi","Delhi","4.1","970","true","28.6606559","77.2979496","OPERATIONAL",""
"Priyankas Party Hall","098101 40202","Vandana International School, behind Dwarka Court, सेक्टर 10 द्वारका, द्वारका, नई दिल्ली, दिल्ली, 110075, India","DAY","Third Party","","Delhi","Delhi","4.1","1488","true","28.5826244","77.05937829999999","OPERATIONAL",""
"Vedas Banquet","098110 34354","3417, Tigaon Rd, Tirkha Colony, Sector 2, Faridabad, Haryana 121004, India","DAY","Third Party","","Delhi","Delhi","4.4","65","true","28.3469512","77.3368701","OPERATIONAL",""
"Amaatra Banquet Gaur City","095606 60220","Gaur High Streat, 14 Avenue, Greater Noida W Rd, Gaur City 2, Greater Noida, Chipyana Khurd Urf Tigri, Uttar Pradesh 201009, India","DAY","Third Party","","Delhi","Delhi","4","506","true","28.6182054","77.41848929999999","OPERATIONAL",""
"BB grand restaurant & banquet hall","095600 85142","opposite metro pillar no700, Block E, Param Puri, Uttam Nagar, Delhi, 110059, India","DAY","Third Party","","Delhi","Delhi","4.1","204","true","28.6211103","77.053058","OPERATIONAL",""
"Grand Utsav Banquet Rani bagh","098111 37441","Grand Utsav, Multani Mohalla, Rani Bagh, Pitampura, Delhi, 110034, India","DAY","Third Party","","Delhi","Delhi","4.1","553","true","28.6872931","77.1334638","OPERATIONAL",""
"The Royale Banquet","099100 36135","Aditya Mega Mall, SG-31, near Haldiram's, Vishwas Nagar Extension, Vishwas Nagar, Shahdara, New Delhi, Delhi, 110032, India","DAY","Third Party","","Delhi","Delhi","4.8","86","true","28.65610839999999","77.3019357","OPERATIONAL",""
"La Mansion Banquets","088002 01010","Wazirpur, C-92, Ring Rd, opp. Shalimar Bagh, Block B, Wazirpur Industrial Area, Shalimar Bagh, New Delhi, Delhi, 110052, India","DAY","Third Party","","Delhi","Delhi","4.3","2765","true","28.7029959","77.1684504","OPERATIONAL","https://weddingbanquets.in/delhi/la-mansion-banquets"
"Green Lounge Fusion","098992 41130","B-6, GT Karnal Rd, Industrial Area, GT Karnal Road Industrial Area, Shakti Nagar, Delhi, 110033, India","DAY","Third Party","","Delhi","Delhi","4.1","4437","true","28.6968205","77.1865778","OPERATIONAL","http://www.greenloungebanquets.com/"
"Le Diamonds' Banquet Hall","099532 88525","DDA Community Centre site, MTNL Ground, Block C, Yamuna Vihar, Shahdara, Delhi, 110053, India","DAY","Third Party","","Delhi","Delhi","4.3","3481","true","28.6973832","77.2728703","OPERATIONAL","https://shorturl.at/bZ5Pf"
"Royal Castle Banquet","074285 39404","WZ-10,Bindra Market, Meenakshi Garden, Tilak Nagar, New Delhi, Delhi, 110018, India","DAY","Third Party","","Delhi","Delhi","4.2","1477","false","28.6383814","77.100667","OPERATIONAL","http://royalcastlebanquet.com/"
"Seven Seas Banquet & Lawn","011 4765 0070","Britania Chowk, B-28, Lawrence Rd, Dr Lohia Industrial Area, Indira Colony, Shakurpur, New Delhi, Delhi, 110035, India","DAY","Third Party","","Delhi","Delhi","4.2","4688","true","28.6799885","77.1432445","OPERATIONAL","http://www.sevenseasbanquet.com/"
"Aqua Royale Banquet hall","098114 25380","68/9, Burari - Swaroop Nagar Rd, Ajit Vihar, Burari Garhi, Burari, Delhi, 110084, India","DAY","Third Party","","Delhi","Delhi","4.6","472","true","28.757374","77.1899739","OPERATIONAL","https://www.instagram.com/aqua_royale_banquet?igsh=MWtuaHJ1ZWlhYWZ1aw=="
"Celebration Star Banquets : Wazirpur","092177 81338","A 16/3, Block A, Wazirpur Industrial Area, Ashok Vihar, New Delhi, Delhi, 110052, India","DAY","Third Party","","Delhi","Delhi","4","1266","true","28.7001309","77.1595067","OPERATIONAL","https://celebrationstarbanquets.com/"
"Precious Moments Banquet","096545 30001","B, 1/627, Najafgarh Rd, near Metro Pillar No. 571, Block B1, Janakpuri, New Delhi, Delhi, 110058, India","DAY","Third Party","","Delhi","Delhi","4.1","2709","true","28.6314539","77.08316789999999","OPERATIONAL","http://www.preciousbanquets.com/"
"Orchid Grand Banquets","095600 15345","Karkardooma Metro Station, Arya Nagar, Dayanand Vihar, Anand Vihar, New Delhi, Delhi, 110092, India","DAY","Third Party","","Delhi","Delhi","4.2","2310","true","28.6485293","77.30521639999999","OPERATIONAL","http://www.orchidgrandbanquets.com/index-main.html"
"KD Grand Banquet","099995 67482","24, 25, 26, Block A, Sewak Park, Dwarka, New Delhi, Delhi, 110059, India","DAY","Third Party","","Delhi","Delhi","4.1","1871","true","28.6166693","77.0324314","OPERATIONAL",""
"Govindam Banquets","093125 10111","Narula Factory, Loni Road, Durga Puri Chowk, Shahdara, East Delhi, Main Durga Puri, Durga Puri, Shahdara, Delhi, 110032, India","DAY","Third Party","","Delhi","Delhi","4.6","2157","true","28.6877356","77.2922167","OPERATIONAL","http://www.govindam.org/"
"The Aeriana Banquet","099991 88332","B-1/3, opposite Metro Pillar Number 544, Block B1, Janakpuri, Delhi, 110058, India","DAY","Third Party","","Delhi","Delhi","4","256","true","28.6338021","77.08929289999999","OPERATIONAL","https://www.theaerianabanquet.com/"
"INVITATION BANQUET BY REGALIA","078270 80137","B-12 GT Karnal road industrial area near shakti nagar telephone exchange, near shakti nagar, Industrial Area, GT Karnal Road Industrial Area, Ashok Vihar, New Delhi, Delhi, 110033, India","DAY","Third Party","","Delhi","Delhi","4.2","840","true","28.6960146","77.1859358","OPERATIONAL","https://invitation-banquet-by.grexa.site/"
"The Royal Imperial Feast","098115 87220","opposite Bathla Apartments, I.P.Extension, Joshi Colony, Delhi, 110092, India","DAY","Third Party","","Delhi","Delhi","4.3","1067","true","28.628538","77.3045599","OPERATIONAL","https://theroyalimperialfeast.com/"
"The Messina Banquet","097114 42717","CBD Ground, near Hotel Leela, Vishwas Nagar Extension, Vishwas Nagar, Shahdara, New Delhi, Delhi, 110032, India","DAY","Third Party","","Delhi","Delhi","4.6","359","true","28.6617249","77.29982389999999","OPERATIONAL","https://www.instagram.com/the_messinabanquets/"
"Five Elements By Sandoz","070650 80001","B1/631, opposite Pillar No. 567, Block B1, Janakpuri, New Delhi, Delhi, 110058, India","DAY","Third Party","","Delhi","Delhi","4.1","3756","true","28.631852","77.0841575","OPERATIONAL","http://sandozrestaurants.com/"
"Crystal Banquet","088600 78204","Plot No., Dist.Centre,, Vikas Marg, Block 14, Swasthya Vihar, Delhi, 110092, India","DAY","Third Party","","Delhi","Delhi","4","1291","false","28.6383185","77.2880184","OPERATIONAL","http://robustgroup.org/"
"EVORA – Banquet Halls & Hotel | Perfect for Weddings & Events","","Britannia Chowk, B-3, Lawrence Rd, Dr Lohia Industrial Area, Keshav Puram, Shakurpur, New Delhi, Delhi, 110035, India","DAY","Third Party","","Delhi","Delhi","4.1","1302","true","28.6824824","77.147262","OPERATIONAL","https://www.evorabanquets.com/"
"Golden Spoon Banquet (By Regal Palace)","093550 05540","B-3, near Shakti Nagar Telephone Exchange, Industrial Area, GT Karnal Road Industrial Area, Ashok Vihar, Delhi, 110033, India","DAY","Third Party","","Delhi","Delhi","4.2","2507","true","28.6963628","77.1869033","OPERATIONAL",""
"The Ananta Banquet","098180 29033","The Ananta Banquet, Sec-72, Southern Peripheral Rd, Sector 71, Gurugram, Haryana 122101, India","DAY","Third Party","","Delhi","Delhi","4.6","188","true","28.4021802","77.0298663","OPERATIONAL","https://www.theanantabanquet.com/"
"The Grand Taj Banquet","093116 67791","Vipul Trade Centre, Sohna - Gurgaon Rd, Sector 48, Gurugram, Haryana 122018, India","DAY","Third Party","","Delhi","Delhi","4.6","199","true","28.4072123","77.0414023","OPERATIONAL","https://www.grandtajbanquet.com/"
"The Velvet Banquet","","1, Padmana Naidu Marg, Shakti Khand 2, Indirapuram, Ghaziabad, Uttar Pradesh 201014, India","DAY","Third Party","","Delhi","Delhi","4.1","586","true","28.6476097","77.368816","OPERATIONAL",""
"Lavanya Grand","092504 04134","C-144, Mayapuri Rd, Mayapuri Industrial Area Phase II, Mayapuri, New Delhi, Delhi, 110064, India","DAY","Third Party","","Delhi","Delhi","4.3","3747","true","28.6215661","77.1167899","OPERATIONAL",""
"The Blue Moon Luxury Banquet Hall","099909 39397","Florence Rd, behind NIRALA GREENSHIRE, Sector 2, Patwari, Greater Noida, Uttar Pradesh 201318, India","DAY","Third Party","","Delhi","Delhi","4.6","763","true","28.5793952","77.4466861","OPERATIONAL","https://www.bluemoonbanquet.com/"
"Sangam Banquet Hall, Dashrathpuri, Delhi","088967 67674","metro station, A1-18, Dabri - Palam Rd, opp. Dashrath Puri, Block B, Vijay Enclave, Mahavir Enclave, Delhi, 110045, India","DAY","Third Party","","Delhi","Delhi","4.3","160","true","28.6035095","77.0826014","OPERATIONAL","http://www.sangambanquet.com/"
"The Vivann","","Plot 25A, Mansaa Filing Station, CBD Ground, Vishwas Nagar Extension, Vishwas Nagar, Shahdara, Delhi, 110032, India","DAY","Third Party","","Delhi","Delhi","4.4","554","","28.6591091","77.2975292","OPERATIONAL",""
"Book My Banquets – Banquet Halls in Gurgaon & Delhi NCR","","40A/5, CHANDER NAGAR, Sector 15 Part 2, Sector 15, Gurugram, Haryana 122001, India","DAY","Third Party","","Delhi","Delhi","3.4","10","true","28.4667426","77.04725049999999","OPERATIONAL","https://www.bookmybanquets.in/"
"Golden Moments | Best Banquet Hall in Vasundhara","070656 07071","Convention Hall, Sector 16A, Sector 16, Vasundhara, Ghaziabad, Uttar Pradesh 201012, India","DAY","Third Party","","Delhi","Delhi","4.9","712","true","28.6599981","77.3567687","OPERATIONAL","http://www.thegoldenmoments.in/"
"Edesia the Party Hall","096433 32974","Edesia, the party hall, opp. PVR, Block D, Saket, New Delhi, Delhi 110017, India","DAY","Third Party","","Delhi","Delhi","4.2","336","true","28.5234127","77.20613089999999","OPERATIONAL","http://goldendreamsbanquets.com/"
"Silverline Banquet hall","095403 81400","Shahdara, D-58, Pocket E, Dilshad Colony New Simapuri, Dilshad Colony, Delhi, 110095, India","DAY","Third Party","","Delhi","Delhi","4.1","162","true","28.6885834","77.3234441","OPERATIONAL","http://www.silverlinebanquets.in/"
"Khushi Party Hall","092123 33313","MP Mall, near Gopal Mandir, Block MP, Poorvi Pitampura, Pitampura, Delhi, 110034, India","DAY","Third Party","","Delhi","Delhi","3.7","1375","true","28.7046138","77.1486984","OPERATIONAL",""
"AISF Hall","","Kalka Devi Marg, National Park, Lajpat Nagar, New Delhi, Delhi 110024, India","DAY","Third Party","","Delhi","Delhi","4.2","577","true","28.5591926","77.2403223","OPERATIONAL",""
"Kings & Queens Party Hall Ghaziabad","099919 29391","97, 26, Rakesh Marg, Pocket K, Nehru Nagar III, Nehru Nagar, Ghaziabad, Uttar Pradesh 201001, India","DAY","Third Party","","Delhi","Delhi","4","284","true","28.653366","77.444017","OPERATIONAL","https://kingsnqueens.in/"
"BLESSINGS PARTY HALL","011 4019 6676","Kirti Nagar A-7 Kailash Park, 2nd Floor, Metro Pillar Number 326, opp. Moti nagar, Block A, Indira Colony, Kirti Nagar, New Delhi, Delhi, 110015, India","DAY","Third Party","","Delhi","Delhi","3.8","166","true","28.6556364","77.13851129999999","OPERATIONAL",""
"Pearl Grand Banquet Hall Kaushambhi","098719 36512","Kaushambi, Ghaziabad, Uttar Pradesh 201010, India","DAY","Third Party","","Delhi","Delhi","4","1569","true","28.6396561","77.3270888","OPERATIONAL",""
"DELHI DARBAR PARTY HALL","088515 38031","GALI NO. 2, Main Jagatpur Rd, Sangam Vihar, Wazirabad, Delhi, 110084, India","DAY","Third Party","","Delhi","Delhi","4","93","true","28.724595","77.2174367","OPERATIONAL",""
"TANGEWALA PARTY HALL by FILLYRUN","099999 44903","above Tangewala, D6, Mahavir Enclave I, Mahavir Enclave Part 2, Mahavir Enclave, New Delhi, Delhi, 110045, India","DAY","Third Party","","Delhi","Delhi","4.5","320","true","28.5975536","77.08142670000001","OPERATIONAL","http://www.facebook.com/fillyrunindia"
"The Victorian Palace, Banquet Hall, North Delhi","098111 35800","Q4FV+MHV, Nangli Ibrahimpur Rd, Nangli Puna, Delhi, 110036, India","DAY","Third Party","","Delhi","Delhi","4.1","1602","true","28.7742433","77.1439311","OPERATIONAL","https://thevictorianpalace.com/"
"Shabnam Banquet Hall","","Kalkaji Extension, Block A 8, Tughlakabad Extension, Govindpuri, New Delhi, Delhi 110019, India","DAY","Third Party","","Delhi","Delhi","4","95","true","28.5260014","77.25970530000001","OPERATIONAL",""
"S.K Rajwada Banquet Hall","093100 16911","Star City Mall, Club Ave Rd, Mayur Place, Mayur Vihar, New Delhi, Delhi, 110091, India","DAY","Third Party","","Delhi","Delhi","4.3","627","true","28.5923292","77.2959959","OPERATIONAL","http://www.skeastendbanquets.in/"
"Grand Valley Banquet Hall, Sagarpur, Dwarka","","J33R+67Q, Durga Puri, West Sagarpur, Sagar Pur, New Delhi, Delhi, 110045, India","DAY","Third Party","","Delhi","Delhi","4.1","324","","28.6030793","77.09072599999999","OPERATIONAL",""
"Vrindavan Vatika Hall","099580 83874","Guru Ravidas Marg, Block K, Kalkaji, New Delhi, Delhi 110019, India","DAY","Third Party","","Delhi","Delhi","3.8","133","true","28.5396016","77.26185579999999","OPERATIONAL",""
"Grand Galaxy Premium Restaurant & Party Hall - Best Party hall in West Delhi","084475 79850","A-1 Kirti Nagar, Tagore market, opposite metro pillar no.329, Block A, Indira Colony, Kirti Nagar, Delhi, 110015, India","DAY","Third Party","","Delhi","Delhi","4.4","269","true","28.6549586","77.13811849999999","OPERATIONAL",""
"Annapurna Banquet Hall","099900 34938","43, 1st Floor, Ambedkar park, near Bank of India, G.Z.B, Navyug Market, Naya Ganj, Ghaziabad, Uttar Pradesh 201001, India","DAY","Third Party","","Delhi","Delhi","3.8","439","true","28.66923049999999","77.4284729","OPERATIONAL",""
"Raja Ram Mohun Roy Memorial Hall","088513 67889","gandharv mahavidyalay, 12, Vishnu Digamber Marg, opposite side, Mata Sundari Railway Colony, Mandi House, New Delhi, Delhi, 110002, India","DAY","Third Party","","Delhi","Delhi","4","1140","true","28.6294925","77.238761","OPERATIONAL",""
"Mannat Restaurant & Party Hall","072908 07079","G-10, Block L, Dilshad Garden, New Delhi, Delhi, 110095, India","DAY","Third Party","","Delhi","Delhi","4.1","308","true","28.6829307","77.32323509999999","OPERATIONAL",""
"Royal Garden Marriage Hall","096543 52244","F78P+388, Chhota Anangpur, Faridabad, Haryana 121003, India","DAY","Third Party","","Delhi","Delhi","3.9","779","true","28.4651674","77.2858189","OPERATIONAL",""
"Amitabh Banquet Hall","088008 87584","Police Station, E23, Bungalow Rd, near Roop Nagar, Kamla Nagar, New Delhi, Delhi, 110007, India","DAY","Third Party","","Delhi","Delhi","3.9","637","","28.6837865","77.2039806","OPERATIONAL",""
"Swadeshi Party hall","098108 44400","F7XR+W36, B-1, 60 Feet Rd, Pulpharadpur, Block A, Pul Pehladpur, New Delhi, Delhi 110044, India","DAY","Third Party","","Delhi","Delhi","3.3","31","true","28.4996084","77.2902098","OPERATIONAL",""
"Kusum Banquet Hall","099999 32140","H-521, Block I, Swaran Jayanti Puram, Govindpuram, Ghaziabad, Uttar Pradesh 201013, India","DAY","Third Party","","Delhi","Delhi","4","98","true","28.6873005","77.4861975","OPERATIONAL",""
"Bageecha Banquet Hall, Siraspur, Delhi","","Q48V+8WG, GT Karnal Rd, Siraspur, Delhi, 110036, India","DAY","Third Party","","Delhi","Delhi","4.1","1228","true","28.7658103","77.14482029999999","OPERATIONAL",""
"Radha Rani Party Hall","081783 95048","Nau Devi Durga Mata Mandir Premises, Sector 2, Patwari, Greater Noida, Uttar Pradesh 201318, India","DAY","Third Party","","Delhi","Delhi","4.4","54","true","28.5809964","77.44612169999999","OPERATIONAL",""
"ITPO Exhibition Hall","011 2337 1540","Pragati Maidan, New Delhi, Delhi 110001, India","DAY","Third Party","","Delhi","Delhi","4.5","1683","true","28.6139903","77.2441089","OPERATIONAL","https://www.indiatradefair.com/"
"Singhasan Banquet hall and Lawn in Rohtak","098122 42733","Tilyar Rd, Baba Mastnath Nagar, Rohtak, Haryana 124021, India","DAY","Third Party","","Delhi","Delhi","4.6","918","true","28.8871186","76.6460769","OPERATIONAL","https://sites.google.com/view/singhasan-banquet-hall-and-law"
"Maa Mahal Party Hall","081783 95048","Nau Devi Durga Mata Mandir Premises, Sector 2, Patwari, Greater Noida, Uttar Pradesh 201318, India","DAY","Third Party","","Delhi","Delhi","4.2","108","true","28.5811076","77.44623419999999","OPERATIONAL",""
"Sapphire hall karkarduma","098111 75403","Karkardooma Metro Station, Arya Nagar, Anand Vihar, Delhi, 110092, India","DAY","Third Party","","Delhi","Delhi","4.2","15","","28.6488661","77.3057395","OPERATIONAL",""
"Seven Heaven, Banquet Hall","","block a2, B, Britannia Chowk, 55, Lawrence Rd, Lawrence Road Industrial Area, Rampura Industrial Area, Tri Nagar, New Delhi, Delhi, 110035, India","DAY","Third Party","","Delhi","Delhi","3.9","502","true","28.6809401","77.1499415","OPERATIONAL","https://weddingz.in/delhi/seven-heaven-britannia-chowk-1/?utm_source=Google_gmb&utm_medium=Organic&utm_campaign=44367"
"Sandesh Vihar K Block Community Hall","","K-BLOCK, Block K, Sandesh Vihar, Pitampura, Delhi, 110034, India","DAY","Third Party","","Delhi","Delhi","3.9","303","true","28.6916194","77.1436765","OPERATIONAL",""
"Sher E DiL | Restaurant & Party Hall","090255 97049","Metro Pillar No.614, B-7, near Shankar Hospital, Block-B, Shankar Garden, Vikaspuri, New Delhi, Delhi, 110018, India","DAY","Third Party","","Delhi","Delhi","4.2","668","true","28.628177","77.0729836","OPERATIONAL","http://www.sheredil.com/"
"EDMC Community Hall","","Ram Kumar Gautam Marg, near Neelam Mata Mandir, opposite Gurudwara, Pocket-C, Mayur Vihar, Delhi, 110091, India","DAY","Third Party","","Delhi","Delhi","3.8","617","","28.6201519","77.3025785","OPERATIONAL",""
"City Banquet Hall","","C-24, Sector 15, Vasundhara, Ghaziabad, Uttar Pradesh 201012, India","DAY","Third Party","","Delhi","Delhi","3.7","127","true","28.6553218","77.35996899999999","OPERATIONAL",""
"Purana Baraat Ghar, Old Community Hall","","M5CR+W9W, Gulabi Bagh, Delhi, 110007, India","DAY","Third Party","","Delhi","Delhi","3.9","616","","28.6723603","77.19094439999999","OPERATIONAL",""
"Utsav Party Hall","092153 40131","opp Reliance Trend, Atlas Rd, near विशाल मेगा मार्ट, Model Town, Sonipat, Haryana 131001, India","DAY","Third Party","","Delhi","Delhi","4","195","true","28.9873018","77.0207635","OPERATIONAL",""
"Vandanam Banquet Hall","","Sector-29, Garhi Bohar, Rohtak, Haryana 124021, India","DAY","Third Party","","Delhi","Delhi","4.2","312","true","28.8760039","76.6492798","OPERATIONAL",""
"Tanga Stand Community Hall","","Tanga Stand Rd, Block E 4, Nand Nagri, Mandoli, New Delhi, Delhi, 110093, India","DAY","Third Party","","Delhi","Delhi","4","266","","28.6937167","77.3042605","OPERATIONAL",""
"Shahi Mahal | Banquet Hall | Restaurant in Noida | Party Hall Noida 122","088265 55928","PKA17, Sector 122, Noida, Uttar Pradesh 201316, India","DAY","Third Party","","Delhi","Delhi","4.5","465","false","28.5905135","77.40258879999999","OPERATIONAL",""
"Pritam Banquet Hall","070110 87775","78/4, 78/4, Gharoli Rd, Subhash Park, Rajeev Nagar, Khora Colony, Sector 62A, Ghaziabad, Noida, Uttar Pradesh 201020, India","DAY","Third Party","","Delhi","Delhi","4","148","","28.6259032","77.3403149","OPERATIONAL",""
"Sundaram Hall","098105 12476","P664+JRJ, Bhai Parmanand Colony, Mukherjee Nagar, Delhi, 110033, India","DAY","Third Party","","Delhi","Delhi","3.5","97","","28.7115961","77.20702539999999","OPERATIONAL",""
"Orchid Hall, New Delhi","","G4H4+X9G, Avenue Bouganvillea, Rangpuri, New Delhi, Delhi 110038, India","DAY","Third Party","","Delhi","Delhi","4","8","true","28.529948","77.1059544","OPERATIONAL",""
"RWA Community hall, Sector 30, NOIDA","","Community hall, A 107, A Block, Sector 30, Noida, Uttar Pradesh 201303, India","DAY","Third Party","","Delhi","Delhi","4.3","61","","28.573847","77.3404402","OPERATIONAL",""
"Silver Hall","","Diamond Crown, Sector 51, Noida, Uttar Pradesh 201303, India","DAY","Third Party","","Delhi","Delhi","4.4","182","","28.5794695","77.3711209","OPERATIONAL",""
"Celebration hall","","L-4, near masjid khalilullah, Batla House, Jamia Nagar, Okhla, New Delhi, Delhi 110025, India","DAY","Third Party","","Delhi","Delhi","4","348","true","28.5666203","77.28945","OPERATIONAL",""
"Mallu Farms - Wedding Farmhouse | Wedding Hall | Banquet Hall | Wedding Planner | Wedding Venues","097174 17353","204, Chattarpur Mandir Rd, Ansal Villas, Satbari, New Delhi, Delhi 110074, India","DAY","Third Party","","Delhi","Delhi","4.5","3260","true","28.4752536","77.1870678","OPERATIONAL","https://mallufarms.com/"
"Seminar Hall","","G5WV+23C, IIT Campus, Indian Institute of Technology Delhi, Hauz Khas, New Delhi, Delhi 110016, India","DAY","Third Party","","Delhi","Delhi","4.6","601","","28.5450672","77.19263370000002","OPERATIONAL",""
"Hall - 14","","J69V+FG9, Appu Ghar, Pragati Maidan, New Delhi, Delhi 110001, India","DAY","Third Party","","Delhi","Delhi","4.6","101","true","28.6186665","77.2438518","OPERATIONAL",""
"Community Hall No. 5","","H34C+65Q, Jain Colony, Shahabad Muhammadpur Village, Dwarka, Delhi, 110061, India","DAY","Third Party","","Delhi","Delhi","4.2","28","true","28.5555875","77.0704844","OPERATIONAL",""
"Hall - 12A","011 2372 4054","Pragati Maidan, New Delhi, Delhi 110001, India","DAY","Third Party","","Delhi","Delhi","4.4","284","true","28.6199159","77.2441673","OPERATIONAL","http://indiatradefair.com/"
"Shankar Lal Concert Hall","","M6V9+32G Shir Shankar Lal, Concert Hall, Vishvavidalya Marg, University Enclave, University of Delhi, New Delhi, Delhi, 110007, India","DAY","Third Party","","Delhi","Delhi","4.2","158","","28.6927376","77.2175323","OPERATIONAL",""
"Banquet Halls in Naraina","1800 889 0082","Phase 1, Community Center, 60, Munshi Ram Gupta Marg, near PVR, Industrial Area Phase I, Block B, Naraina Industrial Area Phase 1, Naraina, Delhi, New Delhi, Delhi 110028, India","DAY","Third Party","","Delhi","Delhi","4.2","5","true","28.6324863","77.137509","OPERATIONAL","https://weddingbanquets.in/banquet-halls/delhi/naraina"
"Hall - 4","","Hall - 4, Pragati Maidan, New Delhi, Delhi 110001, India","DAY","Third Party","","Delhi","Delhi","4.6","19","","28.6145337","77.2436108","OPERATIONAL",""
"Hall - 2","","J68R+3X8, Pragati Maidan, New Delhi, Delhi 110001, India","DAY","Third Party","","Delhi","Delhi","4.8","28","","28.6151714","77.2424516","OPERATIONAL",""
"DCC hall Christian caterer","","J6H4+4VH, Gol Dak Khana Roundabout, Ashok Place, Sector 4, Gole Market, New Delhi, Delhi 110001, India","DAY","Third Party","","Delhi","Delhi","4.8","9","","28.6278118","77.2072211","OPERATIONAL","https://sacredheartcathedraldelhi.org/"
"Powergrid MP Hall","","Pwo Apartments Internal Road, Sector 43, Block D, Gurugram, Haryana 122009, India","DAY","Third Party","","Delhi","Delhi","4.5","551","","28.4554947","77.0770191","OPERATIONAL",""
"The Orion Greater Kailash, Banquet Hall","011 4014 7759","The Orion Plaza CC26, Block G, Nehru Enclave, Kalkaji, New Delhi, Delhi 110019, India","DAY","Third Party","","Delhi","Delhi","4.3","9","true","28.547028","77.25376899999999","OPERATIONAL","https://weddingz.in/delhi/the-orion-plaza-kalkaji/"
"Wedding Opera","088009 95485","B-9, ring road, near britannia chock, Lawrance road, Ch Brahm Prakash Flyover, Dr Lohia Industrial Area, Rampura Industrial Area, Tri Nagar, Delhi, 110034, India","DAY","Third Party","","Delhi","Delhi","4.5","4377","true","28.6819581","77.1456314","OPERATIONAL",""
"The Wedding Book - Best Wedding Photographer in Delhi","099999 66676","2, JP7, Gopal Mandir Road, Pitampura, Delhi - 110034 JP7, FP Block, Block JP, Poorvi Pitampura, Pitampura, Delhi, 110034, India","DAY","Third Party","","Delhi","Delhi","4.9","150","true","28.7035442","77.1463146","OPERATIONAL","https://theweddingbook.in/"
"Get Your Venue: Book Your Wedding Venues in Delhi","088000 93444","F-20, Dwarka Link Rd, Samalka, Delhi, 110061, India","DAY","Third Party","","Delhi","Delhi","4.8","442","true","28.5422581","77.0716607","OPERATIONAL","https://www.getyourvenue.com/?utm_source=GMB&utm_medium=Organic&utm_campaign=local_listing"
"MB Events - wedding planner in delhi","099118 11811","J 66 1st floor, Main Market, Block J, Rajouri Garden, New Delhi, Delhi, 110027, India","DAY","Third Party","","Delhi","Delhi","4.9","62","true","28.6475186","77.122204","OPERATIONAL","http://www.mbeventsindia.com/"
"Picture Destination Pre Wedding Location in Delhi","098112 60804","Kundli Area 32 milestone, GT, Singhu Border, Road, Kundli, Karnal, Sonipat, Haryana 131028, India","DAY","Third Party","","Delhi","Delhi","4.6","1419","true","28.8756403","77.1151823","OPERATIONAL","https://www.picturedestination.com/"
"The Nandram (Wedding Venue Near Me)","099900 99069","House No.3, Uttam Nagar, Bindapur, New Delhi, Delhi, 110059, India","DAY","Third Party","","Delhi","Delhi","4.4","70","true","28.6157103","77.0686923","OPERATIONAL","https://thenandram.com/"
"Silver Grand (Wedding Banquets)","079034 50083","S 26, 2nd floor, Ajay Enclave, Subhash Nagar, Ajanta Cinema Complex, Meenakshi Garden, Ashok Nagar, New Delhi, Delhi, 110018, India","DAY","Third Party","","Delhi","Delhi","4.6","1123","true","28.638415","77.106963","OPERATIONAL","https://weddingbanquets.in/delhi/silver-grand-banquet-subhash-nagar"
"Wedding Bela","070606 41110","D-215, D Block, Sector 63, Noida, Uttar Pradesh 201309, India","DAY","Third Party","","Delhi","Delhi","4.9","46","true","28.628205","77.382255","OPERATIONAL","http://weddingbela.com/"
"The Wedding Dreams by varun Rathor","098712 11995","1/202/35, Sadar Bazar Rd, Piru Vihar, Sadar Bazaar, Delhi Cantonment, New Delhi, Delhi 110010, India","DAY","Third Party","","Delhi","Delhi","5","193","true","28.5920711","77.1207842","OPERATIONAL","http://theweddingdreams.net/"
"Wedding Crown","092113 30070","Supertech Capetown, Sector 74, Noida, Uttar Pradesh 201304, India","DAY","Third Party","","Delhi","Delhi","4.4","1200","true","28.5787494","77.38729670000001","OPERATIONAL","https://weddingcrown.in/"
"The Wedding Focus - Wedding Photographer in Delhi NCR","093106 55576","106, 9A/1, Vishnu Mandir Marg, Channa Market, Block 9A, WEA, Karol Bagh, New Delhi, Delhi, 110005, India","DAY","Third Party","","Delhi","Delhi","4.4","84","true","28.6452111","77.1841982","OPERATIONAL","https://www.theweddingfocus.com/"
"Jannat Valley (Wedding Venue)","098999 92608","Jannat Valley - Wedding venue, Manav Rachna Campus Rd, opposite MANAV RACHNA UNIVERSITY, Asola Wild Life Sanctuary, Sector 43, Faridabad, Haryana 121003, India","DAY","Third Party","","Delhi","Delhi","4.2","998","true","28.450452","77.2818648","OPERATIONAL","http://jannatvalley.com/"
"The Divine Wedding Farm","095407 56375","Sector 91, Gurugram, Haryana 122505, India","DAY","Third Party","","Delhi","Delhi","4.4","93","true","28.3954897","76.9185889","OPERATIONAL","https://www.instagram.com/the._.divineweddingfarm?igsh=MTVqOTNxdHh1NWxtZQ=="
"Wedding Saga India","093550 27974","7/19, Landmark BSES OFFICE, Masjid Rd, Jangpura, Jungpura Extension, New Delhi, Delhi 110014, India","DAY","Third Party","","Delhi","Delhi","4.8","101","true","28.5829251","77.24642899999999","OPERATIONAL","http://www.weddingsagaindia.com/"
"ShaadiWish","098127 17449","C-543,Basement, Block C, Defence Colony, New Delhi, Delhi 110024, India","DAY","Third Party","","Delhi","Delhi","4.6","78","true","28.567196","77.22988819999999","OPERATIONAL","https://shaadiwish.com/"
"Nirmal Lehenga House | Wedding Designer Outfits, Bridal Lehenga & Sherwani On Rent","082877 81901","D-12/96, Pocket D-12, Pocket 12, Sector 7, Rohini, New Delhi, Delhi, 110085, India","DAY","Third Party","","Delhi","Delhi","4.8","791","true","28.70974","77.1204182","OPERATIONAL",""
"V3 Events & Wedding","085060 00001","9, L-25, near by Privat Hospital, DLF Phase 2, Sector 25, Gurugram, Haryana 122002, India","DAY","Third Party","","Delhi","Delhi","4.6","54","true","28.4813043","77.0744527","OPERATIONAL","http://www.v3events.in/"
"Event wedding photography","099118 81668","2 - Shakti kiran building , first floor , Shakti Nagar chowk, 7, Block 2, Roop Nagar, Delhi, 110007, India","DAY","Third Party","","Delhi","Delhi","5","319","true","28.6828775","77.19772859999999","OPERATIONAL","https://eventweddingphotography.com/"
"The Imaging Town | Pre wedding Location In Delhi","073737 31746","Khera Kalan, Delhi, 110082, India","DAY","Third Party","","Delhi","Delhi","4.4","342","true","28.7735995","77.11185909999999","OPERATIONAL","http://www.theimagingtown.in/"
"Vivah Luxury Weddings","099992 78742","2nd Floor Block E, 3, Rani Jhansi Rd, Block E 4, Jhandewalan Extension, Jhandewalan, New Delhi, Delhi 110055, India","DAY","Third Party","","Delhi","Delhi","4.8","123","true","28.6455299","77.2042343","OPERATIONAL","http://www.vivahluxuryweddings.com/"
"Wedding Trends","0124 420 3527","G-312, Sushant Shopping Arcade, Sushant Lok Phase I, Kanahi, Gurugram, Haryana 122009, India","DAY","Third Party","","Delhi","Delhi","4.7","60","true","28.4608884","77.07914559999999","OPERATIONAL","https://weddingtrends.in/"
"The Wedding Eve","080764 44100","639A, B1 Rd, B2A Block, Block B 2B, Janakpuri, New Delhi, Delhi, 110058, India","DAY","Third Party","","Delhi","Delhi","4.5","75","true","28.6336759","77.0902469","OPERATIONAL","http://theweddingeve.com/"
"Mehak Wedding Banquet","087430 00092","Plot No. 43, Road No. 35,West Punjabi Bagh, 145, Main Rohtak Rd, opp. Metro Pillar No, West Punjabi Bagh, Punjabi Bagh, Delhi, 110026, India","DAY","Third Party","","Delhi","Delhi","3.9","1192","true","28.6751385","77.1274547","OPERATIONAL","http://www.suryagrand.com/"
"Diwas Wedding Planner","085839 88002","3, U-11 Rd, DLF Cyber City, DLF Phase 3, Sector 24, Gurugram, Haryana 122002, India","DAY","Third Party","","Delhi","Delhi","4.5","78","true","28.4939531","77.0944901","OPERATIONAL","http://www.diwas.in/"
"Set My Wedding","097735 53402","A square Mall, First floor, Office No. 05, Sector 73, Noida, Uttar Pradesh 201301, India","DAY","Third Party","","Delhi","Delhi","4.4","108","true","28.5919316","77.3816866","OPERATIONAL","https://www.setmywedding.com/?utm_source=google&utm_medium=wix_google_business_profile&utm_campaign=10791380284075186295"
"Elite Weddings India","089794 06406","213, Varun Farm Gate, 2, Gaushala Rd, near South Asian University, Rajpur, Chhatarpur, New Delhi, Delhi 110068, India","DAY","Third Party","","Delhi","Delhi","5","57","true","28.4858374","77.1965278","OPERATIONAL","http://www.eliteweddingsindia.com/"
"Pragati wedding Cards","","F-2, Karawal Nagar Main Rd, near Aggarwal Sweets & Water Tank, Block B, Dayalpur, Tukhmirpur, Delhi, 110090, India","DAY","Third Party","","Delhi","Delhi","4.8","1035","true","28.7158911","77.264144","OPERATIONAL",""
"Wedding Lounge","092899 99910","E 22, 3rd floor South extension, 2, Main Market, New Delhi, Delhi 110049, India","DAY","Third Party","","Delhi","Delhi","4.8","153","true","28.5680486","77.2196022","OPERATIONAL","https://weddinglounge.in/"
"FNP Weddings","097113 01288","FNP Estate, Ashram Marg, Sultanpur Mandi Rd, Chhatarpur Farms, DLF Farms, New Delhi, Delhi 110030, India","DAY","Third Party","","Delhi","Delhi","4.3","134","true","28.4795743","77.162398","OPERATIONAL","https://www.fnpweddings.com/"
"Farm house wedding","","Pushpanjali Farms, Delhi, New Delhi, Delhi 110061, India","DAY","Third Party","","Delhi","Delhi","5","17","true","28.5418163","77.0741762","OPERATIONAL","http://www.arisevillage.com/"
"MI GARDENS BEST BANQUET & WEDDING VENUE in Vasundhara Ghaziabad","099110 03679","M949+G43, Sector 11, Vasundhara, Ghaziabad, Uttar Pradesh 201012, India","DAY","Third Party","","Delhi","Delhi","3.9","607","true","28.6557446","77.3677129","OPERATIONAL","https://letscompare.in/Hall/index.php"
"The Wedding Curator","098714 77022","first floor, Block H, H-2/1, Block F, Vikaspuri, New Delhi, Delhi, 110018, India","DAY","Third Party","","Delhi","Delhi","4.3","46","true","28.6451984","77.07925329999999","OPERATIONAL","http://twcwed.com/"
"Wedding Aashiyana Rent Outfit, Lehenga and Gown","098917 77729","C46, Block C, Lajpat Nagar II, Lajpat Nagar, New Delhi, Delhi 110024, India","DAY","Third Party","","Delhi","Delhi","4.8","416","true","28.5716289","77.2388014","OPERATIONAL","https://www.instagram.com/weddingaashiyanaofficial?igsh=MTAyaTlpOHdoZGk5NA%3D%3D&utm_source=qr"
"Kamal Studio Faridabad | Premium Wedding Photography","093133 06303","Shop No. 2B-1 Near 1-2 Chowk, Block B, New Industrial Twp 2, New Industrial Township, Faridabad, Haryana 121001, India","DAY","Third Party","","Delhi","Delhi","4.7","179","true","28.3809313","77.29679399999999","OPERATIONAL","http://www.kamalstudios.in/"
"The Wedding Lamha","099715 70201","690, Sector 39 Rd, Jharsa, Kilhore Patti, Jharsa Village, Sector 39, Gurugram, Haryana 122003, India","DAY","Third Party","","Delhi","Delhi","4.7","30","true","28.4412987","77.05289429999999","OPERATIONAL","http://www.theweddinglamha.com/"
"THE WEDDING SEARCH (Matrimony Services)","093106 15906","11th Floor, Spaze I-Tech Park, Unit No. 1122B, Badshahpur Sohna Rd, Sector 49, Gurugram, Haryana 122018, India","DAY","Third Party","","Delhi","Delhi","4.9","236","true","28.4127604","77.0438532","OPERATIONAL","https://www.theweddingsearch.com/"
"Best Wedding Planner in Gurugram- The Peacock Eventz","089505 43999","Islampur Village, Sector 38, Gurugram, Haryana 122018, India","DAY","Third Party","","Delhi","Delhi","4.6","19","true","28.4299499","77.0388033","OPERATIONAL","https://thepeacockeventz.in/"
"Wedding Colors","099993 08143","A101, above SBI Bank, Pocket 4, Pratap Nagar, Mayur Vihar, New Delhi, Delhi, 110091, India","DAY","Third Party","","Delhi","Delhi","4.8","121","true","28.6042482","77.2938298","OPERATIONAL","http://www.weddingcollors.in/"
"The Wedding Vogue","098103 63613","SF2, Khasra No-405, 2nd Floor, SR Estates, 120-121, Mehrauli-Gurgaon Rd, near Hanuman Mandir, opp. Metro Pillar No, Ghitorni, New Delhi, Delhi 110030, India","DAY","Third Party","","Delhi","Delhi","4.5","51","true","28.4924536","77.1451214","OPERATIONAL","http://www.theweddingvogue.in/"
"Shagun Farm by FNP Venues","078278 12345","Bandh Rd, Chhatarpur Farms, Radhey Mohan Drive, New Delhi, Delhi 110030, India","DAY","Third Party","","Delhi","Delhi","4.3","1212","true","28.4746995","77.166131","OPERATIONAL","https://www.fnpvenues.com/wedding-venues-chattarpur/shagun-farm/"
"Weddings by Roadhouse","078387 70678","house no 6, Shiva Enclave, Harsh Vihar, Pitampura, new delhi, Delhi, 110034, India","DAY","Third Party","","Delhi","Delhi","4.8","24","true","28.6959463","77.135027","OPERATIONAL",""
"The Wedding Square","","FARM, 9A, 8th Ave Bandh Rd, Jona Pur, Jaunapur, New Delhi, Delhi 110030, India","DAY","Third Party","","Delhi","Delhi","4.5","17","true","28.4697991","77.16152459999999","OPERATIONAL","http://www.theweddingsquare.com/"
"The Wedding Planet Banquet - Noida Extension","095600 85702","behind STELLAR JEEVAN, Sector 1, Aimnabad, Bisrakh Jalalpur, Greater Noida, Bisrakh Jalalpur, Uttar Pradesh 201318, India","DAY","Third Party","","Delhi","Delhi","4.5","104","","28.567952","77.4455112","OPERATIONAL","https://www.theweddingplanet.com/"
"Manmarziyan Wedding Bells & Events","098115 48209","N-24 Lower Ground Floor, Savitri Nagar, Block M, Malviya Nagar, New Delhi, Delhi 110017, India","DAY","Third Party","","Delhi","Delhi","4.5","51","true","28.5377437","77.2173811","OPERATIONAL","http://www.manmarziyanweddingbells.com/"
"Velvet vows- sherwani lehenga on rent in delhi","097165 00005","double story, 2/1, Main Najafgarh Road, opp. Metro Pillar Number 532, near Tilak Nagar, Prem Nagar, Janakpuri, New Delhi, Delhi, 110058, India","DAY","Third Party","","Delhi","Delhi","4.6","197","true","28.6349245","77.0921961","OPERATIONAL",""
"Wedding photographers","097178 47275","Shakti Khand 4, Shakti Khand III, Indirapuram, Ghaziabad, Uttar Pradesh 201014, India","DAY","Third Party","","Delhi","Delhi","4.9","255","true","28.6507728","77.36956459999999","OPERATIONAL","https://www.instagram.com/cinemateproductions?igsh=MTZkbmRpbWtxZXhkcA==&utm_source=qr"
"Wedding Decor by Gaur™ | Luxury Wedding Decorator & Planner In Delhi NCR","098111 36721","Shop no 49, Lodhi Rd, Meharchand Market, Lodi Colony, New Delhi, Delhi 110003, India","DAY","Third Party","","Delhi","Delhi","4.9","175","true","28.5862185","77.2264665","OPERATIONAL","https://gaurweddingdecor.in/"
"Wedding Tales Matrimony - High End Matrimonial Services | Global Matchmaker","090414 40044","JMD Regent Arcade, Unit 102 FF, Sector 28, DLF Phase 1, Gurugram, Haryana 122002, India","DAY","Third Party","","Delhi","Delhi","4.7","713","true","28.4796824","77.0886493","OPERATIONAL","https://weddingtalesmatrimony.com/?utm_source=gmb&utm_medium=organic&utm_content=GoogleListing&utm_campaign=GoogleListing"
"Wedding Point Photography","099680 28003","VISHAL MARKET, POLICE STATION, A-20, near RAJOURI GARDEN, Block EA, Vishal Enclave, Tagore Garden Extension, New Delhi, Delhi, 110027, India","DAY","Third Party","","Delhi","Delhi","5","95","true","28.6496033","77.1169927","OPERATIONAL","https://www.instagram.com/weddingpointphotography/"
"The Prime Wedding","098107 62690","E3, Block A, Sitapuri Part 2, Sitapuri, New Delhi, Delhi, 110059, India","DAY","Third Party","","Delhi","Delhi","4.8","26","true","28.6100501","77.0811621","OPERATIONAL","http://www.theprimewedding.com/"
"Dream Weddings","099114 47678","WZ-61A, Shaheed Chandra Marg, WZ Block, Uttam Nagar, New Delhi, Delhi, 110059, India","DAY","Third Party","","Delhi","Delhi","5","12","true","28.6244774","77.059851","OPERATIONAL","http://dream-weddings.in/"
"Jwala Studio - Wedding | Pre-Wedding | Events","089089 00043","18/481, DDA Flats, Doctor Ambedkar Nagar, Madangir, New Delhi, Delhi 110062, India","DAY","Third Party","","Delhi","Delhi","4.1","117","true","28.5211016","77.2289231","OPERATIONAL","http://www.jwalastudio.in/"
"LALJEES A COMPLETE WEDDING STORE - lehenga / groom safa / wedding pagri / sherwani on rent in delhi","095557 71155","J-33A, behind aggarwal sweets, Block J, PART 2, Lajpat Nagar, New Delhi, Delhi 110024, India","DAY","Third Party","","Delhi","Delhi","4.4","1112","true","28.5690783","77.2434401","OPERATIONAL",""
"The Wedding Dreams Studio","099535 48841","D-14/114, Shop, No. 5, Shiva Rd, Pocket 14, Sector 8, Rohini, Delhi, 110085, India","DAY","Third Party","","Delhi","Delhi","4.9","46","true","28.7055502","77.12324629999999","OPERATIONAL","http://www.instagram.com/theweddingdreamsstudio"
"Pine Events.wedding planner in noida","099535 38999","G-0 Dharmpail place, near by Vinayak Hospital, D Block, Pocket D, Sector 27, Noida, Uttar Pradesh 201301, India","DAY","Third Party","","Delhi","Delhi","4.8","50","true","28.5749088","77.328296","OPERATIONAL","https://pinewoodevents.in/"
"Sumita's Photography Candid wedding photographer Gurgaon and NCR","099716 66232","Plot No. 85, Block, C, Sohna Rd, Rosewood City, South City II, Sector 49, Gurugram, Haryana 122018, India","DAY","Third Party","","Delhi","Delhi","4.6","330","true","28.40763","77.054389","OPERATIONAL",""
"Band Baza Barat The Wedding Palace","","1/2, Rajender Nagar, Sector 2, Rajendra Nagar, Sahibabad, Ghaziabad, Uttar Pradesh 201005, India","DAY","Third Party","","Delhi","Delhi","3.9","102","true","28.6900176","77.3483108","OPERATIONAL","https://instagram.com/band_baza_barat?igshid=MDM4ZDc5MmU="
"PartyVillas.in - Villas & Farmhouses for Party and Wedding Functions","088600 38373","A-247 Fragrance Tower, Block C, Adarsh Nagar, New Delhi, Delhi, 110033, India","DAY","Third Party","","Delhi","Delhi","4.8","159","true","28.7191211","77.1734985","OPERATIONAL","https://www.partyvillas.in/"
"The Dreams Wedding by Gaurav Kapoor- Best Wedding & Pre Wedding Photographers in Delhi NCR | Wedding Photography Experts","098992 04738","Second Floor, A-1, Hudson Lane, Mall Rd, near Nirankari Jewellers, GTB Nagar, Delhi, 110009, India","DAY","Third Party","","Delhi","Delhi","5","53","true","28.6965165","77.20448979999999","OPERATIONAL","http://www.thedreamswedding.in/"
"WeddingWire India","099105 02284","A, 5th Floor, Global Gateway Towers, Mehrauli-Gurgaon Rd, Sikanderpur, Sector 26, Gurugram, Haryana 122002, India","DAY","Third Party","","Delhi","Delhi","3.5","99","true","28.4811011","77.103749","OPERATIONAL","http://www.weddingwire.in/"
"Omraj Wedding Venue","097188 27506","Avantika Colony, Govindpuram, Ghaziabad, Uttar Pradesh 201013, India","DAY","Third Party","","Delhi","Delhi","3.9","105","true","28.6779043","77.493963","OPERATIONAL",""
"Wedding Wale (weddingwale.in) Destination Wedding Planner in Delhi","098739 40166","H 246, Ramakrishna Apartments, 29, I.P.Extension, Patparganj, New Delhi, Delhi, 110092, India","DAY","Third Party","","Delhi","Delhi","4.9","15","true","28.6364164","77.3001999","OPERATIONAL","https://weddingwale.in/"
"Chandra Mohan Wedding Lawn","092118 19144","Sushant Vihar, Ibrahimpur, Delhi, 110084, India","DAY","Third Party","","Delhi","Delhi","4","108","true","28.7771201","77.1707921","OPERATIONAL",""
"Rajesh Collections (A Complete Wedding Store )- Pagdi store || Safa Tying ||Wedding Accessories||Best safa for groom ||","096549 07817","I-38, BLOCK I, Central Market, Lajpat Nagar II, Lajpat Nagar, New Delhi, Delhi 110024, India","DAY","Third Party","","Delhi","Delhi","4.9","466","true","28.5699583","77.2427276","OPERATIONAL","https://g.co/kgs/n5zvdg"
"Wedding saree wala By wedding sarees India Pvt Ltd","093101 74265","1st Floor, 56, Chandni Chowk Rd, near Paranthe Wali Gali, Sis Ganj Guru Dwara, Chandni Chowk, Delhi, 110006, India","DAY","Third Party","","Delhi","Delhi","4.6","135","true","28.6561944","77.2302991","OPERATIONAL","http://weddingsareeswala.in/"
"ShaadiSaga","","212, 2nd Floor, NCBA Building,. Dilip Singh Chowk, Shahpur Jat, Siri Fort, New Delhi, Delhi 110049, India","DAY","Third Party","","Delhi","Delhi","3.7","245","true","28.5491641","77.2138569","OPERATIONAL","https://www.shaadisaga.com/"
"Blend Butter Weddings- Destination Wedding Organizer","","House No. 15, 754-B, near Chaudhary Dairy, Block C, Ganesh Nagar II, Shakarpur Khas, New Delhi, Delhi, 110092, India","DAY","Third Party","","Delhi","Delhi","5","6","true","28.6274493","77.2828969","OPERATIONAL","https://blendbutterweddings.com/"
"Aman wedding celleton","084596 68421","H.no 3. Gli.no.1 mata mandir neyar gonda .cok, Brahampuri Rd, Ghonda, Delhi, 110053, India","DAY","Third Party","","Delhi","Delhi","4.9","95","true","28.6876528","77.2702183","OPERATIONAL",""
"Pulse Wedding Planner Pvt Ltd","011 4545 8885","6 41, Old Rajinder Nagar, Rajinder Nagar, New Delhi, Delhi, 110060, India","DAY","Third Party","","Delhi","Delhi","4.3","6","true","28.6396299","77.1797893","OPERATIONAL","https://pulseeventsindia.com/"
"Bespoke By Sumit Grover - Mens Wear - Wedding & Ethnic Mens wear","099100 49839","I-2, Veer Savarkar Marg, opposite Aggarwal sweet, Block I, Lajpat Nagar II, Lajpat Nagar, New Delhi, Delhi 110024, India","DAY","Third Party","","Delhi","Delhi","4.5","92","true","28.5691986","77.2438042","OPERATIONAL",""
"All About Wedding","099103 22543","D3/3, First Floor, Sector 14, B Block, Noida, Uttar Pradesh 201301, India","DAY","Third Party","","Delhi","Delhi","5","66","","28.586731","77.3073213","OPERATIONAL","https://allaboutwedding.in/"
"Wedding Bellz","098111 12555","Jharsa, Sector 39, Gurugram, Haryana 122003, India","DAY","Third Party","","Delhi","Delhi","4.3","561","true","28.446915","77.0486667","OPERATIONAL","https://www.aggarwaltentsajawat.com/"
"3T Studios - Premium Wedding Photo Studio in Noida | Pre wedding shoot","084479 30489","Office No. OC-931, 9th Floor, Gaur City Center, Gaur City 1, Sector 4, Greater Noida, Ghaziabad, Uttar Pradesh 201318, India","DAY","Third Party","","Delhi","Delhi","4.9","451","true","28.6052946","77.4278388","OPERATIONAL","https://3tstudios.in/"
"Wedding Bells","093100 94167","Durga Shakti Marg, Rasoolpur Nawada, Industrial Area, Sector 62, Noida, Uttar Pradesh 201309, India","DAY","Third Party","","Delhi","Delhi","3.8","24","true","28.6185331","77.3709099","OPERATIONAL",""
"Shubh Muhurat Luxury Weddings Planner in Delhi","097174 30005","Novotel Pullman 5th Floor, Caddie Commercial Tower, Aerocity, New Delhi, Delhi 110037, India","DAY","Third Party","","Delhi","Delhi","4.8","60","true","28.5533116","77.1239497","OPERATIONAL","https://www.smlwindia.com/"
"SHAMIIYNAS - BEST WEDDING PLANNER IN DELHI NCR","098110 97960","5A/24 N.I.T, near police station, Block A, New Industrial Twp 5, New Industrial Township, Faridabad, Haryana 121001, India","DAY","Third Party","","Delhi","Delhi","5","24","true","28.4051183","77.30468239999999","OPERATIONAL","https://www.weddingwire.in/wedding-planners/the-shamianas--e372352"
"Weddings by Pixels","097117 15766","3rd Floor, B-59/1, Block B, Naraina Industrial Area Phase 2, Naraina, New Delhi, Delhi, 110028, India","DAY","Third Party","","Delhi","Delhi","5","21","true","28.6459703","77.1463795","OPERATIONAL","http://www.pixelsphotographyandevents.com/"
"Evolve Weddings","098991 16926","New Patel Nagar, Shadipur, New Delhi, Delhi, 110008, India","DAY","Third Party","","Delhi","Delhi","4.5","13","true","28.6516083","77.15440480000001","OPERATIONAL","http://evolveworld.com/"
"Wedding Rose - A Unit of Kritika Wedding-n-Entertainment","098102 71007","DB-Block-8, Ground Floor, Shopping Centre-II, G-8, Block DB, Maya Enclave, Hari Nagar, New Delhi, Delhi, 110064, India","DAY","Third Party","","Delhi","Delhi","4.4","41","true","28.6212197","77.10744489999999","OPERATIONAL",""
"Mangalam Weddings","098719 68813","3A-45, Ground Floor, Block A, Sector 3, Vaishali, Ghaziabad, Uttar Pradesh 201019, India","DAY","Third Party","","Delhi","Delhi","4.9","31","true","28.6399121","77.3371312","OPERATIONAL","http://www.themangalamweddings.in/"
"The Palace Greens, North Delhi","099909 03360","The Palace Greens, GT Karnal Rd, opposite shani mandir, Alipur, Delhi, 110036, India","DAY","Third Party","","Delhi","Delhi","4.7","236","true","28.8023222","77.1437246","OPERATIONAL",""
"Yellow Wedding Co.","099717 83925","U 322, Chirag Dilli, New Delhi, Delhi 110017, India","DAY","Third Party","","Delhi","Delhi","5","7","true","28.5364398","77.2269585","OPERATIONAL",""
"Vishakha Collections - Wedding Invitation Cards","078388 67525","3651, Gali Lohe Wali, Chawri Bazar, Chandni Chowk, Delhi, 110006, India","DAY","Third Party","","Delhi","Delhi","4.6","299","true","28.6505678","77.22868439999999","OPERATIONAL","https://www.vishakhacollections.com/"
"Your Wedding Dreams","096252 84323","14, Tomar Colony, near shani mandir, Ajit Vihar, Block A, Burari Garhi, Burari, Delhi, 110084, India","DAY","Third Party","","Delhi","Delhi","4.9","20","true","28.7512009","77.1954052","OPERATIONAL","https://yourweddingdreams.com/"
"Watercrest | Venue Luxe (A Splendora Brand)","092898 89664","SD Marg, 2, Kalkaji Road, Shambhu Dayal Bagh, Kalkaji, New Delhi, Delhi 110020, India","DAY","Third Party","","Delhi","Delhi","4.5","81","true","28.5548474","77.2649102","OPERATIONAL","https://watercrest.in/"
"The Green Meadows-Luxury wedding venue","","The green meadows, Suraj Kund Rd, opposite Siddharta Ashram, Asola Wild Life Sanctuary, Asola, Faridabad, New Delhi, Delhi 110044, India","DAY","Third Party","","Delhi","Delhi","","","true","28.4970416","77.2670685","OPERATIONAL",""
"28 The Mall","","Mall Road, 28, Parade Rd, Delhi Cantonment, New Delhi, Delhi 110010, India","DAY","Third Party","","Delhi","Delhi","4.4","1465","","28.5841511","77.1349867","OPERATIONAL",""
"POLO LUXURIOUS DESTINATION","","F block, Pushpanjali, NH8, Dwarka Link Rd, opp. Shiv Murti, near Indira Gandhi International Airport, Dwarka, New Delhi, Delhi, 110061, India","DAY","Third Party","","Delhi","Delhi","4.3","831","true","28.5435215","77.0650749","OPERATIONAL","http://www.pololuxuriousdestination.com/"
"Sawariya Seth Tent And Decorators","088002 30528","JAPANESE PARK, Sector 10, Rohini, Delhi, 110085, India","DAY","Third Party","","Delhi","Delhi","4.9","4805","true","28.7294159","77.11900229999999","OPERATIONAL","https://saawariyaseth.com/"
"Raga (Vilasa) by FNP Venues","078278 12345","Rao Matadin Yadav Marg, D Block, Kapas Hera Estate, New Delhi, Delhi 110097, India","DAY","Third Party","","Delhi","Delhi","4.4","586","true","28.5249","77.09308419999999","OPERATIONAL","https://www.fnpvenues.com/wedding-venues-rajokri/raga/"
"The Kundan by FNP Venues","085879 51313","Kapashera Estate Rd, Opp Ashok Country Resort, D Block, Kapas Hera Estate, New Delhi, Delhi 110097, India","DAY","Third Party","","Delhi","Delhi","4.4","1172","true","28.5241041","77.0924964","OPERATIONAL","https://www.fnpvenues.com/wedding-venues-rajokri/the-kundan/"
"The Ryan Farm – Best Wedding Organiser in Kapashera for Luxury Wedding Venues & Farmhouse, New Delhi","098111 24825","Khasra No 12, 12, Old Delhi Gurugram Rd, near Dwarka, Besides, Kapas Hera, New Delhi, Delhi 110037, India","DAY","Third Party","","Delhi","Delhi","4.1","358","true","28.5268828","77.0856208","OPERATIONAL","https://tentandtulip.com/"
"The Ritz by FNP Venues","078278 12345","Ambience Golf Drive, NH - 8, behind the leela Hotel, DLF Phase 3, Sector 24, Gurugram, Haryana 122010, India","DAY","Third Party","","Delhi","Delhi","4.5","1677","true","28.4995316","77.1087127","OPERATIONAL","https://www.fnpvenues.com/wedding-venues-gurgaon/the-ritz/"
"Pavilion by FNP Venues","078278 12345","Block C, Chhatarpur Extension, Chhatarpur, New Delhi, Delhi 110074, India","DAY","Third Party","","Delhi","Delhi","4.4","1198","true","28.4898228","77.18470909999999","OPERATIONAL","https://www.fnpvenues.com/wedding-venues-chattarpur/pavilion/"
"Manaktala Farms by Ambria","088001 63444","Main Rd, adjacent to BP Petrol Pump, Kapas Hera Extension, Kapas Hera, New Delhi, Delhi, 110097, India","DAY","Third Party","","Delhi","Delhi","4.5","1535","true","28.5304642","77.0807882","OPERATIONAL","https://www.getyourvenue.com/venue/manaktala-farm-wedding-venues-in-nh8-pushpanjali-south-delhi/"
"Swastik Luxury Wedding Venue Bijwasan, Delhi","072910 91157","G3H9+9WW Wedding Venue, Main Rd, Kapas Hera Extension, Palam Farms, New Delhi, Delhi, 110061, India","DAY","Third Party","","Delhi","Delhi","4.3","469","true","28.5284971","77.0698359","OPERATIONAL","http://touchwood.in/"
"Ambria Pushpanjali","088263 99444","F-20, Dwarka Link Rd, Samalka, New Delhi, Delhi, 110061, India","DAY","Third Party","","Delhi","Delhi","4.4","2031","true","28.5424188","77.07191949999999","OPERATIONAL","https://www.ambria.in/?utm_source=google-gmb&utm_medium=gmb&utm_campaign=ambria-gmb"
"Tivoli Bijwasan-Luxury Wedding Venue & Resort","084482 99929","74B, Main Rd, opp. Petrol Pump, Kapashera Extn, Pushpanjali Farms, New Delhi, Delhi, 110061, India","DAY","Third Party","","Delhi","Delhi","4.5","804","true","28.5315661","77.0639922","OPERATIONAL","https://thetivolihotels.com/hotel/tivoli-bijwasan"
"The Upper HSE by Tivoli-Luxury Wedding Venue in South Delhi","084482 99930","Farm No.1, Sultanpur Estate, Mandi Rd, Westend DLF Chattarpur Farms, DLF Farms, New Delhi, Delhi 110030, India","DAY","Third Party","","Delhi","Delhi","4.7","275","","28.4914421","77.1632989","OPERATIONAL","https://thetivolihotels.com/hotel/upper-hse-sultanpur"
"Dahabi Venue Delhi Airport","081304 92353","Ground Floor, Right Portion, K-17, K-Block, Mahipalpur Village, Mahipalpur, New Delhi, Delhi 110037, India","DAY","Third Party","","Delhi","Delhi","4.7","136","","28.5442261","77.1270311","OPERATIONAL","https://dahabihotels.com/our-hotels/dahabi-venue/"
"The Grandreams Luxury Venues","","J4JG+5QP, A-29,30, Satguru Ram Singh Rd, Phase -1, Mayapuri Industrial Area Phase I, Mayapuri, New Delhi, Delhi, 110064, India","DAY","Third Party","","Delhi","Delhi","4.4","6784","true","28.6319971","77.1260781","OPERATIONAL","http://www.thegrandreams.com/"
"The Spotlight Venue Subhash Nagar","087005 38546","5B/14, Tilak Nagar, Road, near Subhash Nagar Metro Station, Central Market, Tilak Nagar, New Delhi, Delhi, 110018, India","DAY","Third Party","","Delhi","Delhi","5","28","true","28.6400029","77.1031136","OPERATIONAL","https://thespotlightvenue.in/"
"The Venue Banqueting By SK","092899 25911","Near, Atul Kataria Chowk, opposite Airforce Station, Gurugram, Haryana 122015, India","DAY","Third Party","","Delhi","Delhi","4.6","212","true","28.4876311","77.0544484","OPERATIONAL","https://www.instagram.com/thevenuebysk/"
"The Dream Venue","","C9G8+7GX, Sector 89, Faridabad, Haryana 121014, India","DAY","Third Party","","Delhi","Delhi","4.3","47","true","28.4257489","77.36636639999999","OPERATIONAL",""
"The Spotlight Venue - Rohini","087005 38546","H19/1, Pocket 19, Sector 7, Rohini, New Delhi, Delhi, 110085, India","DAY","Third Party","","Delhi","Delhi","4.9","473","true","28.7129299","77.1155153","OPERATIONAL","https://thespotlightvenue.in/"
"Community Center Sec 50 Noida and Saptarshi Puja venue","097177 44901","E-6, E Block, Sector 50, Noida, Uttar Pradesh 201303, India","DAY","Third Party","","Delhi","Delhi","4","609","true","28.5737845","77.36761419999999","OPERATIONAL",""
"Chhatarpur Central by FNP Venues","078278 12345","A-35, Chattarpur, Satbari, Main Chhatarpur Rd, Ansal Villas, Chhatarpur, New Delhi, Delhi 110074, India","DAY","Third Party","","Delhi","Delhi","4.2","1309","true","28.4809834","77.1870228","OPERATIONAL","https://www.fnpvenues.com/wedding-venues-chattarpur/chhatarpur-central/"
"J3S","092666 69016","Outer Ring Rd, Block BU, Ranikhet, Pitampura, New Delhi, Delhi, 110034, India","DAY","Third Party","","Delhi","Delhi","4.2","1941","true","28.71862569999999","77.14029239999999","OPERATIONAL",""
"Grand Elysium","098110 90706","Plot 22, Suraj Vihar, Dwarka, Delhi, 110078, India","DAY","Third Party","","Delhi","Delhi","4","1094","true","28.6116176","77.0332765","OPERATIONAL",""
"Venue Look","084708 04805","D-188, 2nd Floor, D Block, Sector 10, Noida, Uttar Pradesh 201301, India","DAY","Third Party","","Delhi","Delhi","4.2","99","true","28.591671","77.33352","OPERATIONAL","https://www.venuelook.com/"
"Wupi Trampoline & Amusement Park Gurgaon - Kids Birthday Party Venue","090570 09067","Flat location, adjoining Ireo, Sector 58, Gurugram, Haryana 122018, India","DAY","Third Party","","Delhi","Delhi","4.7","650","true","28.4127436","77.11436069999999","OPERATIONAL","https://www.wupiindia.com/"
"Frolic Farms & Banquets","096437 17072","sector-73 near prateek laurel society, Sarfabad, Sector 73, Noida, Uttar Pradesh 201316, India","DAY","Third Party","","Delhi","Delhi","4.2","1721","true","28.587336","77.39241","OPERATIONAL",""
"Moon Cloud Banquet- Wedding Venue in Noida","099533 09533","near felix Hospital, Sector 75, Noida, Uttar Pradesh 201301, India","DAY","Third Party","","Delhi","Delhi","4.2","234","true","28.5776051","77.3846227","OPERATIONAL","https://www.mooncloudbanquet.in/"
"The Jewels - Wedding Venue & Banquet Hall","099109 96351","Near Atul Katariya Chowk, Sheetla Mata Rd, Rajiv Nagar, Sector 13, Gurugram, Haryana 122001, India","DAY","Third Party","","Delhi","Delhi","4.6","168","true","28.4807613","77.0425044","OPERATIONAL","https://www.gnhhotels.com/"
"Royal Venue By Floriana","072105 60612","B-48, GT Karnal Rd, opposite Derawal Nagar, Industrial Area, GT Karnal Road Industrial Area, Ashok Vihar, Delhi, 110033, India","DAY","Third Party","","Delhi","Delhi","3.8","889","true","28.6953203","77.1867968","OPERATIONAL",""
"YellowTree - Best Banquet, Party, Wedding Venue and Events Halls near North-East Delhi","097182 80800","SLF Ved Vihar, Ankur Vihar, DLF Ankur Vihar, Ghaziabad, Uttar Pradesh 201102, India","DAY","Third Party","","Delhi","Delhi","4.6","55","true","28.7430979","77.2630713","OPERATIONAL","https://yellowtreefarms.com/"
"Aureva Farm - Wedding Farmhouse, Wedding Venue in Gurgaon","098212 00551","Kadarpur Rd, Kadarpur Road, Sector-63A, Gurugram, Kadarpur, Haryana 122098, India","DAY","Third Party","","Delhi","Delhi","4.7","273","true","28.3939797","77.104934","OPERATIONAL","https://www.aurevafarm.co.in/luxury-farmhouse"
"Venue.Events","098111 54621","D.D.A, Triveni Commercial Complex, G-34, Sheikh Sarai Phase 1, Sheikh Sarai, New Delhi, Delhi 110017, India","DAY","Third Party","","Delhi","Delhi","4.3","8","true","28.5364054","77.22372000000001","OPERATIONAL","https://www.venue.events/"
"The Gajraj Venue","","M2XW+XHV, Naraina Vihar, Shish Mahal Enclave, Agar Nagar, Delhi, 110086, India","DAY","Third Party","","Delhi","Delhi","5","2","","28.6999903","77.0464277","OPERATIONAL",""
"Golden Heritage Wedding venue Sahibabad Ghaziabad","099901 84100","Prakash Industrial Estate, Raj Bagh, Sahibabad, Ghaziabad, Uttar Pradesh 201005, India","DAY","Third Party","","Delhi","Delhi","4.3","143","true","28.6769588","77.3488418","OPERATIONAL",""
"Hotel Mukut Regency – Banquet Hall & Wedding Venue","095827 51602","Plot no. CC1, Sector 13, Vasundhara, Ghaziabad, Uttar Pradesh 201012, India","DAY","Third Party","","Delhi","Delhi","3.9","2306","true","28.65465529999999","77.3633171","OPERATIONAL","http://hotelmukutregency.com/"
"Anantaaram Farms and Banquets","099908 63131","Palra Rd, near Tulip Chowk, Sector 68, Nurpur, Gurugram, Haryana 122101, India","DAY","Third Party","","Delhi","Delhi","4.6","259","true","28.3827306","77.0347755","OPERATIONAL","http://www.vedantarafarms.com/"
"ALLLURE RAAKESH FARMS","","Chattarpur Mandir Rd, opposite Mallu FARM, Ansal Villas, Satbari, New Delhi, Delhi, 110074, India","DAY","Third Party","","Delhi","Delhi","4.3","192","true","28.4752544","77.1879091","OPERATIONAL","http://www.raakeshfarms.com/"
"Wedding venue","","Sikanderpur Rd, near Hindon civil terminal, Ashok Vatika, Sahibabad, Ghaziabad, Uttar Pradesh 201006, India","DAY","Third Party","","Delhi","Delhi","3.8","17","true","28.6992241","77.343204","OPERATIONAL",""
"Fitness Venue","089606 91047","2nd floor, opposite Emaar Premier floors & Worldmark, Sector 65, Gurugram, Haryana 122018, India","DAY","Third Party","","Delhi","Delhi","4.8","21","true","28.3979211","77.07060849999999","OPERATIONAL",""
"RADHA KRISHAN GARDEN , PARTY VENUE","","JW3M+PGM, Najafgarh Dhansa Rd, Mitraon, Surhera, Delhi, 110043, India","DAY","Third Party","","Delhi","Delhi","4","108","","28.6043347","76.9337877","OPERATIONAL",""
"Jogindra Palace - Wedding Venue in Sabhapur Road","","Vijay Vihar, Under Pass, Road, near Police Chowki, Chaman Vihar, Sabhapur, Delhi, Ghaziabad, Delhi 110094, India","DAY","Third Party","","Delhi","Delhi","4.4","20","true","28.743682","77.2605757","OPERATIONAL",""
"The pickleball Venue","","peturam pratha wala, Ardee City Gate Number 2 Rd, Housing Board Colony, Wazirabad, Sector 52, Gurugram, Haryana 122003, India","DAY","Third Party","","Delhi","Delhi","4.4","12","true","28.4412892","77.0822002","OPERATIONAL",""
"Star venue & party lawn","","Sohna Rd, Dhumaspur, Gurugram, Haryana 122101, India","DAY","Third Party","","Delhi","Delhi","5","47","true","28.3775778","77.0725756","OPERATIONAL",""
"DEVAM GREENS","085953 44688","Faridabad - Gurgaon Rd, Baliawas, Gurugram, Bandhwari, Haryana 122101, India","DAY","Third Party","","Delhi","Delhi","4.3","119","true","28.4266059","77.1441564","OPERATIONAL","http://www.primerosevenues.in/"
"Diwan Palace Banquet Hall & Wedding Venue – Dwarka Sector 23","070110 67237","Pochanpur Village, opp. Rama Krishna Apartment, Major Bhola Nath Colony, Bhola Ram Enclave, Sector 23, Dwarka, Delhi, 110077, India","DAY","Third Party","","Delhi","Delhi","4.3","62","true","28.5622965","77.0504941","OPERATIONAL","https://diwanpalace.com/"
"Dwarka palace. banquet hall wedding venue party hall","072178 11806","C65, Indrapuri Rd, C Block, Block C, Indrapuri Colony, Loni, Ghaziabad, Uttar Pradesh 201102, India","DAY","Third Party","","Delhi","Delhi","4.4","204","true","28.7350268","77.2873542","OPERATIONAL",""
"The Venue by SK","","The Venue by SK, GC-07/GH-01, 7th Ave, Gaur City 1, Sector 4, Greater Noida, Ghaziabad, Uttar Pradesh 201318, India","DAY","Third Party","","Delhi","Delhi","4.3","74","","28.6089196","77.4282257","OPERATIONAL","http://thevenuebysk.com/"
"Notting Hills","099109 96350","Old Delhi Gurugram Rd, opposite Pasco Automobiles, Sector 18, Gurugram, Haryana 122015, India","DAY","Third Party","","Delhi","Delhi","4.2","522","true","28.4901563","77.0560643","OPERATIONAL","http://www.gnhhotels.com/"
"SS Banquet","078387 64110","Sunview Rd, Shramik Kunj, Sector 66, Noida, Uttar Pradesh 201309, India","DAY","Third Party","","Delhi","Delhi","3.7","48","true","28.6094576","77.3771115","OPERATIONAL",""
"WOW VENUE","092508 12008","E-124/A Vishwakarma Colony Pul Pehladpur, Mehrauli - Badarpur Rd, Block A, Vishwakarma Colony, Badarpur, New Delhi, Delhi 110044, India","DAY","Third Party","","Delhi","Delhi","4.8","25","true","28.5018927","77.2871757","OPERATIONAL",""
"Dream Venue Banquet Hall Gurgaon","093559 42577","87P, Sector 43, Gurugram, Haryana 122009, India","DAY","Third Party","","Delhi","Delhi","5","16","","28.462036","77.092759","OPERATIONAL",""
"Amora Luxury Farms | Premium Wedding and Event Venue in Faridabad","096500 78797","Amora Garden, Gopi Chand Chowk, Sector 87, Wazirpur Road, Mata Amritanandamayi Marg, beside Firewater, near Amrita Hospital Road, Jeevan Nagar, Nandmayi Marg, Neharpar Faridabad, Faridabad, Haryana 121014, India","DAY","Third Party","","Delhi","Delhi","4.3","6","true","28.4298507","77.3476565","OPERATIONAL",""
"Turbo Track | Go-Karting Venue","092666 88435","near Heritage Xperiential International School, Balola, Gurugram, Haryana 122102, India","DAY","Third Party","","Delhi","Delhi","4.8","1063","false","28.4173031","77.1227376","OPERATIONAL","https://turbotrack.org/"
"The Cake Venue","084478 85667","C 1, Block C, Green Park Extension, Green Park, New Delhi, Delhi 110016, India","DAY","Third Party","","Delhi","Delhi","4.9","197","true","28.5591236","77.2065971","OPERATIONAL","https://cakevenue.lovable.app/"
"HLRS Venue","","D-60, South Extension I, Block D, New Delhi, Delhi 110049, India","DAY","Third Party","","Delhi","Delhi","5","2","true","28.5724273","77.2207559","OPERATIONAL",""
"OAK TREE by Golden Plate | Wedding Venue | Luxury Banquet Hall in Meerut","074569 89999","RAF HQ Road,NH-58, Ved Vyas Puri, 37/3, NH58, near Ansal Sushant City, Kunda, Partapur, Meerut, Jharli, Uttar Pradesh 250002, India","DAY","Third Party","","Delhi","Delhi","3.9","521","true","28.9406198","77.6425222","OPERATIONAL","https://sites.google.com/view/luxury-wedding-venue-in-meerut/home"
"Signals Vatika","","H5G4+FH6, Rao Tularam Marg, Subroto Park, New Delhi, Delhi 110010, India","DAY","Third Party","","Delhi","Delhi","4.4","873","","28.5761575","77.15639999999999","OPERATIONAL",""
"FNP Venues | By Ferns N Petals","078278 12345","FNP Estate, Near RC Kochar Farmhouse, Mandi Rd, Gadaipur, Jaunapur, New Delhi, Delhi 110047, India","DAY","Third Party","","Delhi","Delhi","4.2","55","true","28.4686816","77.15392349999999","OPERATIONAL","https://www.fnpvenues.com/"
"Maharana pratap wedding venue","087916 96211","near hanuman mandir, Dahar, Uttar Pradesh 250344, India","DAY","Third Party","","Delhi","Delhi","5","1","true","29.1469206","77.5368628","OPERATIONAL",""
"Wedding Venue - DEV PALACE","","bus stand, 182, Kanjhawala Rd, Sukhbeer Nagar, Sukhbir Nagar, Rohini, Delhi, 110081, India","DAY","Third Party","","Delhi","Delhi","4.2","39","true","28.7280324","77.0479929","OPERATIONAL",""
"Indian Chillies Restaurant Best Banquet Hall in Modinagar Best Wedding Venue in Modinagar","099977 61232","Near, Shikhera Rd, opp. Umesh Park, Modinagar, Uttar Pradesh 201204, India","DAY","Third Party","","Delhi","Delhi","3.7","711","true","28.8164072","77.55478289999999","OPERATIONAL","https://indian-chillies.vercel.app/"
"SABHY GRAND (The Party Venue)","","J32G+3CJ, near Jyoti bakery, Kali Nagar, Mahavir Enclave I, Mahavir Enclave Part 1, Mahavir Enclave, Delhi, 110045, India","DAY","Third Party","","Delhi","Delhi","3.9","17","true","28.6002101","77.0760165","OPERATIONAL",""
"PN Farmhouse & Catering – Party Venue & Events","","Jalebi Chowk, B1789, Block B, Shastri Nagar, Delhi, 110052, India","DAY","Third Party","","Delhi","Delhi","","","true","28.6775304","77.1802613","OPERATIONAL",""
"Wedlock Farms - Events Venue - Four-Bedroom House","","Sector 77, Gurugram, Haryana 122012, India","DAY","Third Party","","Delhi","Delhi","","","","28.3866901","76.9820099","OPERATIONAL","https://www.freecancellations.com/search/F2ZyS1AATXdRDVVVDVlSEgtYDUs3EAdE?lat=28.38669&lng=76.98201&language=en"
"Sunrize Marriage & Party Hall","098111 46613","P673+MHJ Dheer pur, Om Mandir Marg, Nirankari Colony, Mukherjee Nagar, Delhi, 110033, India","DAY","Third Party","","Delhi","Delhi","4.1","2721","true","28.7142131","77.20388659999999","OPERATIONAL",""
"Subhash Vatika Marriage hall","075091 46802","Elaichipur, 60, foota road, near siddha baba mandir, Ram Park, Ghaziabad, Uttar Pradesh 201102, India","DAY","Third Party","","Delhi","Delhi","4.9","11","true","28.7620479","77.2609403","OPERATIONAL",""
"Exotic Garden Farm house | Banquet hall & Marriage hall in Ghaziabad","097168 36185","Canal Cut, Kanawani Village, Indirapuram, Ghaziabad, Uttar Pradesh 201014, India","DAY","Third Party","","Delhi","Delhi","4.1","413","true","28.65376819999999","77.38697839999999","OPERATIONAL",""
"Celebration Garden","080000 13333","Piller No 202, Plot No 1, near Kalindi Kunj Metro Station, Pocket N, Madanpur Khadar, New Delhi, Delhi 110020, India","DAY","Third Party","","Delhi","Delhi","4.2","577","true","28.5401971","77.3078002","OPERATIONAL","https://celebrationgarden.in/"
"Krisha Garden - (MARRIAGE HALL, PARTY LAWN, FARM HOUSE ) in Greater Noida","098100 04803","Plot A1, opp. Unitech Verve, near GNIDA Office, Sector pi1, Parsvnath Privilege, Pi I & II, Greater Noida, Jaitpur Baishpur, Uttar Pradesh 201310, India","DAY","Third Party","","Delhi","Delhi","4.3","300","true","28.4830677","77.5385778","OPERATIONAL","https://krishagarden.com/"
"Green Garden Party Lawn and Banquet Hall in Dwarka | Best Party Hall | Wedding Hall","099907 77936","Plot No 6, Chaudhary Dutta Ram Marg, Sector 7 Dwarka, Palam, New Delhi, Delhi, 110077, India","DAY","Third Party","","Delhi","Delhi","4","254","true","28.5926062","77.0750681","OPERATIONAL","https://www.greengardenbanquet.com/"
"Satyam Farm House and Marriage Hall","096259 44040","Shaheed Captain Manoj Pandey Marg, Kanawani Village, Indirapuram, Ghaziabad, Uttar Pradesh 201014, India","DAY","Third Party","","Delhi","Delhi","4.1","1194","true","28.656252","77.3772803","OPERATIONAL",""
"Wedding Villa","088822 01102","c3, Gate Number 2, opp. kendriya vihar, Hoshiarpur Village, Sector 51, Noida, Uttar Pradesh 201303, India","DAY","Third Party","","Delhi","Delhi","4.5","4936","true","28.5799452","77.3657415","OPERATIONAL","http://www.weddingvilla.in/"
"Surya Green Banquet","092665 85805","More, near Dwarka, opp. Netaji Subhash Institute Of Technology, Bajaj Enclave, Dwarka Sector-3, Dwarka, New Delhi, Delhi, 110078, India","DAY","Third Party","","Delhi","Delhi","4.1","2562","true","28.6134596","77.032955","OPERATIONAL","http://www.suryagrand.com/"
"SK Eastend Banquet","093100 16911","Star City Mall, Mayur Place, Mayur Vihar, New Delhi, Delhi, 110091, India","DAY","Third Party","","Delhi","Delhi","4.2","1250","true","28.5930278","77.2967707","OPERATIONAL","http://www.skeastendbanquets.in/"
"The Heritage Grand","088000 29472","B-12 B Block Britannia Chowk, Block A2, Rampura Industrial Area, Tri Nagar, New Delhi, Delhi, 110035, India","DAY","Third Party","","Delhi","Delhi","4.2","3791","true","28.6812065","77.1448262","OPERATIONAL","http://www.theheritagegrand.com/"
"Moonlight Marriage Hall","092890 67236","L8, near masjid khalilullah, Batla House, Jamia Nagar, Okhla, New Delhi, Delhi 110025, India","DAY","Third Party","","Delhi","Delhi","3.9","95","true","28.5666703","77.28954689999999","OPERATIONAL",""
"Aahil villa banquets","099901 33269","G-57, Eco Pk Rd, Pocket N, Madanpur Khadar, New Delhi, Delhi 110076, India","DAY","Third Party","","Delhi","Delhi","4.1","1048","true","28.5405226","77.30845409999999","OPERATIONAL",""
"Radha Krishna Marriage Hall and Dharmshala","092686 37250","Gulab vatika gali no 3 near Johri enclave, metro station, Loni border, Gulab Vatika, Jawahar Nagar, Ghaziabad, Uttar Pradesh 201102, India","DAY","Third Party","","Delhi","Delhi","4.6","84","true","28.7133177","77.2906974","OPERATIONAL",""
"Choudhary Bhavan Wedding Hall","","MC7W+H9G, Block E, Sector 18, Kavi Nagar, Ghaziabad, Uttar Pradesh 201002, India","DAY","Third Party","","Delhi","Delhi","3.9","620","true","28.6639285","77.4459495","OPERATIONAL",""
"Royal Pepper Banquet hall - Sector 10, Rohini","088825 00400","2nd Floor, D-Mall, Pillar No. 434, near Rohini West Metro Station, Swarn Jayanti Park, Sector 10, Rohini, Delhi, 110085, India","DAY","Third Party","","Delhi","Delhi","4.7","14819","true","28.716356","77.1139962","OPERATIONAL","http://www.royalpepperbanquets.com/"
"Garden Vista Banquet & Lawn - Banquet hall in greater noida","078279 09742","Lok Sanskriti Patels, Plot 39A, near Kaushalya Girls Hostel, Knowledge Park II, Greater Noida, Uttar Pradesh 201310, India","DAY","Third Party","","Delhi","Delhi","4.3","201","true","28.4771426","77.49481899999999","OPERATIONAL","https://garden-vista-banquet.localo.site/"
"Dwelling Residency Banquet Hall in Greater Noida | Marriage Hall | Corporate Events| Birthday Party Place","088002 13919","BB-023, Ansal Golf Link-1, near Pari Chowk, opp. Expo Mart Center, Block B, Sector Omega-1, Greater Noida, Uttar Pradesh 201315, India","DAY","Third Party","","Delhi","Delhi","4.5","44","true","28.4552905","77.5040188","OPERATIONAL","https://www.thedwelling.in/"
"Golden Grapes- Club & Convention","088009 74124","S-3, Knowledge Park III, Greater Noida, Uttar Pradesh 201310, India","DAY","Third Party","","Delhi","Delhi","4.4","522","true","28.4797889","77.49410859999999","OPERATIONAL",""
"La Stella Banquet","093191 05453","20, Shivaji Marg,, Najafgarh Road, Near Moti Nagar, Opp, DLF Tower, Block C, Najafgarh Road Industrial Area, Delhi, 110015, India","DAY","Third Party","","Delhi","Delhi","4.3","3921","true","28.6649161","77.1592445","OPERATIONAL",""
"Rosellia Banquets & Suites","095993 70056","Plot No- 367, CP-04, Sector 11, Vasundhara, Ghaziabad, Uttar Pradesh 201012, India","DAY","Third Party","","Delhi","Delhi","4.6","781","true","28.6589249","77.3669859","OPERATIONAL","https://www.rosellia.in/"
"Radha Krishna Farm House-Marriage hall in Noida sector 121","098180 45139","Plot 11, FNG Expressway Service Rd, Sector 121, Noida, Uttar Pradesh 201316, India","DAY","Third Party","","Delhi","Delhi","3.5","107","true","28.6028737","77.40357279999999","OPERATIONAL",""
"J P Farm House & Marriage Hall","","5, Adarsh Colony, Biharipura, Bhim Nagar, Vijay Nagar, Ghaziabad, Uttar Pradesh 201009, India","DAY","Third Party","","Delhi","Delhi","4","306","true","28.6339095","77.42165829999999","OPERATIONAL",""
"SR Royal Kingdom","098991 10773","Haiderpur Badli Mor Metro Station, C and D Block, Shalimar Place Site, Shalimar Bagh, Delhi, 110088, India","DAY","Third Party","","Delhi","Delhi","4.2","250","true","28.7295833","77.14880889999999","OPERATIONAL","http://srroyalkingdom.com/"
"Payal Place Marriage Home","099681 68228","D-, P779+34W, 3, Karawal Nagar-Bhajanpura Rd, Dayalpur, Nehru Vihar, Old Mustafabad, New Mustafabad, Delhi, 110090, India","DAY","Third Party","","Delhi","Delhi","3.7","490","true","28.714642","77.26435099999999","OPERATIONAL",""
"Golden Sapphire","099995 10065","7D, Knowledge Park III, Greater Noida, Uttar Pradesh 201310, India","DAY","Third Party","","Delhi","Delhi","4","79","true","28.4795504","77.4935489","OPERATIONAL",""
"Golden Rivaah- Banquet hall , Party Hall , Marriage Palacein indrapuram ghajiabad","083686 97717","Pearl Apartment Commercial Tower, Cs-19, opposite to shipra Riviera, Gyan Khand II, Indirapuram, Ghaziabad, Uttar Pradesh 201014, India","DAY","Third Party","","Delhi","Delhi","3.9","292","true","28.6451145","77.35295889999999","OPERATIONAL","http://www.goldenrivaahbanquet.com/"
"Heritage greens party lawn","098118 80079","A block, main 60 foot road, Kaushik Enclave, Indraprasth Colony, Burari, Delhi, 110084, India","DAY","Third Party","","Delhi","Delhi","4.1","1383","true","28.75820079999999","77.1833276","OPERATIONAL",""
"The Royal Pearl Banquet hall","","66 Foota road, Patel Nagar, besides, Vrindavan Garden, Bahadurgarh, Haryana 124508, India","DAY","Third Party","","Delhi","Delhi","4.9","27","true","28.7008508","76.9039584","OPERATIONAL","http://theroyalpearl.in/"
"NHPC Community Center & Marriage Hall","","F7CR+363, NHPC Colony, Sector 41, Faridabad, Haryana 121003, India","DAY","Third Party","","Delhi","Delhi","4.4","132","true","28.4701461","77.2905601","OPERATIONAL",""
"Marina Dreams Banquets (Wazirpur)","084308 00800","B-72/5, Ring Rd, Block B, Wazirpur Industrial Area, Ashok Vihar, Delhi, 110052, India","DAY","Third Party","","Delhi","Delhi","4","5605","true","28.704027","77.1715461","OPERATIONAL",""
"Sheesh Mahal Banquet Hall","098108 51744","D, Abul Fazal Enclave, Kalindi Kunj Rd, Block H, New Delhi, Delhi 110076, India","DAY","Third Party","","Delhi","Delhi","3.6","9","true","28.544783","77.30949249999999","OPERATIONAL","http://www.facebook.com/sheeshmahalbaratghar"
"Alfa Banquet","099995 00716","4A, Gate No. 1, Pusa Road, opp. BLK Max Hopital, Vikram Chandra Chaterjee Marg, WEA, Karol Bagh, New Delhi, Delhi, 110005, India","DAY","Third Party","","Delhi","Delhi","4.2","371","true","28.6443582","77.1810744","OPERATIONAL","https://alfabanquet.com/"
"Banquet Halls in GT Karnal Road","088821 98989","7259, GT Karnal Rd, Block 22, Shakti Nagar, New Delhi, Delhi, 110007, India","DAY","Third Party","","Delhi","Delhi","4","6","true","28.680336","77.1988147","OPERATIONAL","https://weddingbanquets.in/banquet-halls/delhi/gt-karnal-road"
"Shalimar Banquet Hall","087934 29545","86/23, Main Rohtak Rd, Mundka Udyog Nagar, Mundka Industrial Area, Mundka, Delhi, 110041, India","DAY","Third Party","","Delhi","Delhi","3.9","106","","28.683733","77.0072218","OPERATIONAL",""
"Wedding Hall Thokar no 8, Shaheen Bagh","098713 67867","G8X3+FFW, Thokar No 8, Shaheen Bagh, Jamia Nagar, Okhla, New Delhi, Delhi 110025, India","DAY","Third Party","","Delhi","Delhi","4.4","7","","28.5487257","77.303705","OPERATIONAL",""
"Rati Ram Vatika","","I-2/330, Pusta Road, 5th, Service Rd, Sonia Vihar, New Delhi, Delhi, 110090, India","DAY","Third Party","","Delhi","Delhi","4","832","false","28.7367276","77.2475087","OPERATIONAL",""
"Euphoria Mansion Banquet","099999 52025","16, Shivaji Marg, New Moti Nagar, Najafgarh Road Industrial Area, Delhi, 110015, India","DAY","Third Party","","Delhi","Delhi","4.2","2575","","28.6654614","77.16183629999999","OPERATIONAL",""
"Rishabh Garden","085858 44600","Sun City, near by Sarva Haryana Gramin Bank, Sector 35, Main Market, Rohtak, Haryana 124001, India","DAY","Third Party","","Delhi","Delhi","4.4","563","true","28.905281","76.63006","OPERATIONAL",""
"RAJWADA PALACE ~ The Legend","075007 60007","B 33, Industrial Area, GT Karnal Road Industrial Area, Ashok Vihar, Delhi, 110033, India","DAY","Third Party","","Delhi","Delhi","4.1","3235","true","28.6944189","77.18472779999999","OPERATIONAL",""
"Mangalam Marriage Hall","096505 31957","90, Pankha Rd Old Nangal, Pankha Rd, Old Nangal, Block WZ, Nangal Raya, Janakpuri, New Delhi, Delhi 110010, India","DAY","Third Party","","Delhi","Delhi","3.9","229","","28.6054687","77.1153291","OPERATIONAL",""
"Bhagwati Garden","098104 22596","Desai Village, Basai, Sector 70, Noida, Uttar Pradesh 201316, India","DAY","Third Party","","Delhi","Delhi","4","1301","true","28.5950866","77.3880355","OPERATIONAL",""
"Le Grand Banquet","090680 32323","A.192, behind le grand banquet, Shatabdi Nagar, Sector 1, Rithani, Meerut, Uttar Pradesh 250103, India","DAY","Third Party","","Delhi","Delhi","4.3","1399","true","28.9334973","77.6627206","OPERATIONAL",""
"SK Mohit Palace (The Party Hall)","098106 59146","Shop No-B-17,Jhilmil Industrial Area,Industrial Area, behind Jhilmil Metro Statio, Block D, Jhilmil Colony, New Delhi, Delhi, 110095, India","DAY","Third Party","","Delhi","Delhi","4.2","1515","true","28.6754024","77.3132617","OPERATIONAL",""
"Dream Palace Grand","083689 02452","M5JX+6JM, 7259, GT Karnal Rd, Prem Nagar, Block 22, Shakti Nagar, Delhi, 110007, India","DAY","Third Party","","Delhi","Delhi","4","1286","true","28.6804594","77.1990199","OPERATIONAL",""
"Jodha Farms Marriage Palace","","9365+JQF, Badshahpur Sohna Rd, near Bsf camp, Bhondsi, Gurugram, Haryana 122102, India","DAY","Third Party","","Delhi","Delhi","4.2","623","true","28.3615537","77.05943119999999","OPERATIONAL",""
"TAYAL BANQUAT","","CBD Ground, plot 1/b, near The Leela Ambience Convention Hotel, Vishwas Nagar Extension, Vishwas Nagar, Shahdara, Delhi, 110092, India","DAY","Third Party","","Delhi","Delhi","4.7","7","","28.6617743","77.3000485","OPERATIONAL","https://www.royalprideevent.com/"
"Banquet Halls at Hotel Metro View Delhi","098187 13170","17A/3 Basement, Block 7, Block 17, WEA, Karol Bagh, New Delhi, Delhi, 110005, India","DAY","Third Party","","Delhi","Delhi","4.1","33","true","28.6451655","77.18952","OPERATIONAL","http://banquets.place/"
"Lado Rani Banquet","098717 70024","44, Swami Dayanand Marg, Hasanpur, I.P.Extension, Patparganj, East Delhi, Delhi, 110092, India","DAY","Third Party","","Delhi","Delhi","4.2","393","true","28.6359394","77.30997940000002","OPERATIONAL","https://www.ladoranibanquet.com/"
"Clay 1 Glorious - Banquet Hall & Party Hall in Moti Nagar","092209 22260","I-5&6, Najafgarh Rd, opp. Metro Pillar no.332, Moti Nagar, Kailash Park, Basai Dara pur, Bali Nagar, New Delhi, Delhi, 110015, India","DAY","Third Party","","Delhi","Delhi","4.8","765","true","28.6550541","77.13712579999999","OPERATIONAL","https://clay1glorious.com/"
"Singla Banquet & Party Hall","072900 63525","1724AB, Mall Rd, Old Market, Central Market, Tilak Nagar, New Delhi, Delhi, 110018, India","DAY","Third Party","","Delhi","Delhi","5","13","true","28.6367232","77.0939521","OPERATIONAL","https://singlasweets.com/"
"Gazebo Banquet & Party Hall","","Touch with, Gazeboo inn and suites, opposite Medanta hospital, Block H, Block D, Greenwood City, Sector 39, Gurugram, Haryana 122001, India","DAY","Third Party","","Delhi","Delhi","5","1","true","28.4413719","77.0609434","OPERATIONAL",""
"Milan Party Hall","096673 97683","RZ D-40, Dabri - Palam Rd, opposite Sulabh International Museum, Mahavir Enclave I, Mahavir Enclave Part 1, Mahavir Enclave, New Delhi, Delhi, 110045, India","DAY","Third Party","","Delhi","Delhi","4.1","130","true","28.5966407","77.0811023","OPERATIONAL",""
"Dolphin Party Hall","","Dolphin house, near mother dairy, Shaheen Bagh, Jamia Nagar, Okhla, New Delhi, Delhi 110025, India","DAY","Third Party","","Delhi","Delhi","4.5","28","","28.5470898","77.3051591","OPERATIONAL",""
"Golden Crown - Banquet Hall | Party Hall Rohini","093559 03160","Petroleum Petrol Pump japanese Park, Swarn Jayanti Park, Sector 12, Rohini, New Delhi, Delhi, 110085, India","DAY","Third Party","","Delhi","Delhi","4.4","1055","true","28.7268043","77.1244403","OPERATIONAL","https://golden-crown.in/"
"Kanha ji Family Restaurant & Party Hall","093546 26249","C-1/1 , Main Road, 2nd, Sonia Vihar - Pushta Rd, Pusta Number 1, Pusta Number 3, Sonia Vihar, Delhi, 110094, India","DAY","Third Party","","Delhi","Delhi","4.9","33","true","28.7215614","77.2442351","OPERATIONAL",""
"Le Myrah (Banquets) : Best Banquet Hall | Best Party Hall | Ac Banquet Hall | Faridabad","092892 37692","B1-6th Floor, Achievers Centre Point Mall, off Dabua Pali Road, Kalindi HIll, Nawada Village, Sector 49, Faridabad, Haryana 121001, India","DAY","Third Party","","Delhi","Delhi","4.9","52","true","28.396055","77.26692589999999","OPERATIONAL",""
"Poornima Amrit Party Hall","","near Raj gas Agency, Block SM, Shastri Nagar, Ghaziabad, Uttar Pradesh 201002, India","DAY","Third Party","","Delhi","Delhi","4.4","76","true","28.6709056","77.4624477","OPERATIONAL",""
"AD Party Hall","072919 11491","Plot no.3, Basement, opposite sai mandir, near lady fatima school, More, New Colony, Sector 8, Gurugram, Haryana 122001, India","DAY","Third Party","","Delhi","Delhi","4.8","17","true","28.4657192","77.0201834","OPERATIONAL",""
"Bharat party hall","076689 79940","P6CJ+23P, Ramghat, main, pusta road, Wazirabad, Delhi, 110084, India","DAY","Third Party","","Delhi","Delhi","4.8","10","true","28.720706","77.2286762","OPERATIONAL","http://www.karryweb.com/"
"The Royal Park","011 4163 9995","near Post Office, Greater Kailash - 2, Masjid Moth, Greater Kailash, New Delhi, Delhi 110048, India","DAY","Third Party","","Delhi","Delhi","4","757","true","28.5376709","77.238033","OPERATIONAL","https://www.royalparkhall.com/"
"Marvel Party Hall(Wah Ji Wah Restaurant)","098113 69488","B-35,Gurunanak Pura, Near V3S Mall, Veer Savarkar Block, Block B, Laxmi Nagar, New Delhi, Delhi, 110092, India","DAY","Third Party","","Delhi","Delhi","4.1","195","false","28.6372497","77.28489429999999","OPERATIONAL",""
"Party hall( party hall near me ,birthday party, wedding function , ring ceremony ,corporate events)","098185 62519","Sector 57 Rd, Shital Vihar, Block C, Sector 62, Noida, Uttar Pradesh 201020, India","DAY","Third Party","","Delhi","Delhi","4.9","8","true","28.6094043","77.3516113","OPERATIONAL",""
"Urban Grace Banquet Hall & Party Hall","","A-18, Sector 63 A, Noida, Chotpur, Uttar Pradesh 201309, India","DAY","Third Party","","Delhi","Delhi","5","1","","28.6157887","77.39545009999999","OPERATIONAL",""
"Sunshine Banquet Party Hall","098107 85771","Above Hotel Sunshine or Dominos Pizza, Sunshine Banquet party hall, Tigaon Rd, near Govt Girls School, Shyam Colony, Sector 4, Ballabhgarh, Faridabad, Haryana 121004, India","DAY","Third Party","","Delhi","Delhi","5","8","true","28.3414313","77.3245816","OPERATIONAL","https://www.hotelsunshineblb.com/"
"Pristine Party Hall","093130 58389","C8W8+68V, NCR, Huda Market, Inder Colony, Sector 31, Faridabad, Region, Haryana 121003, India","DAY","Third Party","","Delhi","Delhi","4.6","27","true","28.4456179","77.3158021","OPERATIONAL",""
"Ekam banquet and party hall","092123 08820","A 20, Delhi State Industrial and Infrastructure Development Corporation, main road, near chintamani restaurant, Jhilmil Industrial Area, Vivek Vihar, Delhi, 110095, India","DAY","Third Party","","Delhi","Delhi","4.4","73","true","28.6750447","77.3165755","OPERATIONAL",""
"Sargam Party Hall and Home Stay","","F-24 A, Pipal Wala Rd, near Panchsheel Nursing Home, Block L, Mohan Garden, Uttam Nagar, Delhi, 110059, India","DAY","Third Party","","Delhi","Delhi","4.9","17","","28.6257444","77.039275","OPERATIONAL",""
"The City Pride","078383 91133","Main Rd, Hoshiyarpur, Hoshiarpur Village, Sector 51, Noida, Uttar Pradesh 201303, India","DAY","Third Party","","Delhi","Delhi","4.3","2816","true","28.5825515","77.36708220000001","OPERATIONAL","https://www.ramabanquets.com/city-pride-noida/"
"Brahmastra Grand Tilaknagar - Banquet Hall | Party Hall | Ac Banquet Hall | Tilaknagar","","J4Q2+C7R, Sant Nagar, Chaukhandi, Vishnu Garden, Delhi, 110018, India","DAY","Third Party","","Delhi","Delhi","3.9","97","true","28.6386209","77.1006527","OPERATIONAL",""
"Melrose banquets | Wedding Banquet & Party Hall Space Raj Nagar Extension","","Marco Polo Rd, Sehani Khurd, Ghukna, Ghaziabad, Uttar Pradesh 201003, India","DAY","Third Party","","Delhi","Delhi","4","35","true","28.701409","77.4131219","OPERATIONAL",""
"Madan's Party Hall","090919 27979","1st Floor, Central Plaza Market, Greater Noida W Rd, Bhangel, Greater Noida, Ghaziabad, Uttar Pradesh 201318, India","DAY","Third Party","","Delhi","Delhi","4.3","4","true","28.6093789","77.4377698","OPERATIONAL","https://madansweets.in/"
"Party Hall and Rooftop Cafe By Mohit Bakery","","RZ B-1, Mohit Bakery, 1st Floor, Metro Station Dashrathpuri, Main Palam Dabri Rd, near Dasrathpuri, Ch Harphool Singh Market, Mahavir Enclave Part 1, Mahavir Enclave, New Delhi, Delhi, 110045, India","DAY","Third Party","","Delhi","Delhi","4.2","26","true","28.600725","77.0819076","OPERATIONAL",""
"JW Solitaire PARTY HALL","","P428+JP9, Mangalam Place, Rohini, Delhi, 110085, India","DAY","Third Party","","Delhi","Delhi","5","1","","28.7015305","77.116847","OPERATIONAL",""
"Rajesh Party Hall & Catterers","083758 76111","Pankha Rd, Block H, Raghu Nagar, Dabri, New Delhi, Delhi, 110045, India","DAY","Third Party","","Delhi","Delhi","3.8","12","true","28.6123501","77.0883848","OPERATIONAL",""
"Banquet Hall Gurgaon","099588 19234","261 SP, Artemis Hospital Rd, Koyal Vihar, Sector 52, Gurugram, Bindapur, Haryana 122003, India","DAY","Third Party","","Delhi","Delhi","4.8","151","true","28.4345763","77.07078059999999","OPERATIONAL","https://banquethallgurgaon.com/"
"ATLANTIS PARK BALLROOM","093553 70706","B-21, near Aryabhatta College Telephone Exchange, Industrial Area, GT Karnal Road Industrial Area, Ashok Vihar, New Delhi, Delhi, 110033, India","DAY","Third Party","","Delhi","Delhi","4.1","856","true","28.6952905","77.18477020000002","OPERATIONAL",""
"Diamond Party Hall","080 6548 9350","Major Mohit Sharma Marg, above moti mahal, near Rahul Sweets, Block D, Naveen Park, Rajendra Nagar, Sahibabad, Ghaziabad, Uttar Pradesh 201005, India","DAY","Third Party","","Delhi","Delhi","4.1","76","true","28.6810564","77.3596223","OPERATIONAL","https://www.diamondparty.in/"
"Empire party hall","092107 06168","Gali No. 5, Sangam Vihar, Wazirabad, New Delhi, Delhi, 110084, India","DAY","Third Party","","Delhi","Delhi","4","17","true","28.7278788","77.2182485","OPERATIONAL",""
"The Crown Garden and Banquet Hall in Rohtak Haryana","","VH7X+5GX, Sector 24, Rohtak, Haryana 124001, India","DAY","Third Party","","Delhi","Delhi","4.3","254","true","28.8624039","76.59785649999999","OPERATIONAL",""
"Royal Moments party Hall","088140 09095","C-9/12, opp. Metro Pillar No.397, Pocket 9, Sector 7, Rohini, Delhi, 110085, India","DAY","Third Party","","Delhi","Delhi","4.8","24","true","28.7089433","77.1236558","OPERATIONAL",""
"Aura Party Hall","093115 06918","Outer Ring Rd, Block BU, Ranikhet, Pitampura, Delhi, 110034, India","DAY","Third Party","","Delhi","Delhi","3.9","390","true","28.7187288","77.14036399999999","OPERATIONAL",""
"Legend party hall","098114 73800","Plot number 13-14, Pocket 26, Sector 24, Rohini, Delhi, 110085, India","DAY","Third Party","","Delhi","Delhi","5","5","true","28.7306122","77.0888926","OPERATIONAL","https://legendpartyhall.com/"
"Banquet Halls in Kirti Nagar","079 6910 0329","78, 1, Kirti Nagar Main Rd, WHS Block A, Kirti Nagar Industrial Area, Kirti Nagar, New Delhi, Delhi, 110015, India","DAY","Third Party","","Delhi","Delhi","5","2","true","28.6410951","77.135402","OPERATIONAL","https://weddingbanquets.in/banquet-halls/delhi/kirti-nagar"
"Banquet Halls in Pitampura","079 6907 1914","near, Gopal Mandir Marg, Block MP, Poorvi Pitampura, Pitampura, New Delhi, Delhi, 110034, India","DAY","Third Party","","Delhi","Delhi","4.8","5","true","28.7048604","77.14847139999999","OPERATIONAL","https://weddingbanquets.in/banquet-halls/delhi/pitampura"
"Amar party hall (2)","098374 14141","Delhi road, near hero motorcycle showroom, near amar banquet, Avas Vikas Colony, araut, Baraut, Uttar Pradesh 250611, India","DAY","Third Party","","Delhi","Delhi","5","1","true","29.0946506","77.2573373","OPERATIONAL",""
"Banquet Halls in Karol Bagh","","882, E Park Rd, Block 57, Karol Bagh, New Delhi, Delhi, 110005, India","DAY","Third Party","","Delhi","Delhi","5","5","true","28.6511315","77.1978714","OPERATIONAL","https://weddingbanquets.in/banquet-halls-in-karol-bagh"
"Utsav party hall","099710 40041","S-15, Commercial Market, MM Rd, Loni, DLF Ankur Vihar, Ghaziabad, Uttar Pradesh 201102, India","DAY","Third Party","","Delhi","Delhi","4.4","5","true","28.7379787","77.2663951","OPERATIONAL",""
"GurgaonOne Party Hall","","K1, Sector 84, Gurugram, Haryana 122012, India","DAY","Third Party","","Delhi","Delhi","5","1","","28.4061704","76.9650372","OPERATIONAL","https://www.alphacorp.in/gurgaon-one-84"
"Kapil Party Hall & Restaurant","","F-24/35-36, near Metro Station, Pocket 19, Sector 7, Rohini West, Delhi, 110085, India","DAY","Third Party","","Delhi","Delhi","3.9","13","true","28.7124052","77.1149992","OPERATIONAL",""
"J.S.B Party Hall","097177 90512","49, JSB PARTY HALL, G.Z.B, Navyug Market, Naya Ganj, Ghaziabad, Uttar Pradesh 201001, India","DAY","Third Party","","Delhi","Delhi","3.4","56","true","28.668909","77.42780069999999","OPERATIONAL",""
"Kapil Party Hall, Delhi","098997 41336","Plot No.10, Rithala Rd, Block C, Pocket A, Budh Vihar Phase II, Budh Vihar, Delhi, 110085, India","DAY","Third Party","","Delhi","Delhi","3.5","106","","28.7166645","77.0937776","OPERATIONAL",""
"Tesla Hotel & Party Hall","","Tilak Nagar Extension, Sector 3 (P), Rohtak, Haryana 124001, India","DAY","Third Party","","Delhi","Delhi","4.5","13","","28.8901747","76.62389689999999","OPERATIONAL",""
"Rasoi Restaurant & Party Hall","070652 21212","L-35A, Main Market, Dilshad Garden, Block L, Dilshad Garden, Delhi, 110095, India","DAY","Third Party","","Delhi","Delhi","3.6","1951","true","28.6816767","77.3218752","OPERATIONAL","https://rasoirestaurant.online/"
"NBC BAKERY RESTAURANT AND PARTY HALL Reliance Smart Point","096596 50808","1644/B, Najafgarh Thana Rd, opposite VIKAS HOSPITAL, Prem Nagar, Najafgarh, New Delhi, Delhi, 110043, India","DAY","Third Party","","Delhi","Delhi","4","1024","true","28.6103798","76.98109819999999","OPERATIONAL",""
"Over The Top Party Hall","098996 92602","3rd floor, B1/633, Block B1, Janakpuri, New Delhi, Delhi, 110058, India","DAY","Third Party","","Delhi","Delhi","3.9","2360","true","28.6319693","77.0844827","OPERATIONAL",""
"Angithi Restaurant & Party Hall","088603 95308","3, 56, SS Rana Marg, Timber Block, Kewal Park Extension, Gopal Nagar, Azadpur, New Delhi, Delhi, 110033, India","DAY","Third Party","","Delhi","Delhi","3.9","1881","false","28.7113725","77.1769834","OPERATIONAL",""
"Raavi Party Hall","092892 37070","Shop no 30-34, Ground Floor, Cross River Mall, Vishwas Nagar Extension, CBD ground, Shahdara, Delhi, 110032, India","DAY","Third Party","","Delhi","Delhi","4.2","27","","28.657002","77.3020284","OPERATIONAL",""
"D11 Party Hall","083840 87586","307/11 (11-A, 3rd Floor, Petrol Pump, near Subhadra Colony, Shahzada Bagh, Block C, Moti Bagh West, Industrial Area, New Delhi, Delhi, 110015, India","DAY","Third Party","","Delhi","Delhi","3.7","17","true","28.6707926","77.1762368","OPERATIONAL",""
"URBAN BANQUET HALL","088825 31343","Ground Floor, Mangalam Paradise Mall, Rohini, Sector 3, near Prachin Mahakali Mandir, Mangalam Place, Rohini, Delhi, 110085, India","DAY","Third Party","","Delhi","Delhi","4","283","true","28.6980587","77.1148872","OPERATIONAL","https://weds.guru/pro/urban/"
"Invites Party Hall","","Harsha Complex, Pitampura Marg, AU Block, Ranikhet, Pitampura, Delhi, 110034, India","DAY","Third Party","","Delhi","Delhi","5","6","","28.7144937","77.14552789999999","OPERATIONAL",""
"Lagoona Emerald","080 4807 1662","S 31, Press Enclave Marg, New Colony, Khirki Extension, Malviya Nagar, New Delhi, Delhi 110017, India","DAY","Third Party","","Delhi","Delhi","4","1310","true","28.5304135","77.2167407","OPERATIONAL","https://weddingz.in/delhi/lagoona-emerald-saket/"
"Small banquet Hall | Mini Party Event | Birthday Event","099716 63630","Block F2, 243, Ratiya Marg, Block F 2, Sangam Vihar, New Delhi, Delhi 110080, India","DAY","Third Party","","Delhi","Delhi","","","true","28.5003793","77.2449615","OPERATIONAL",""
"Invitation-K Lounge & Party halls","091680 08002","1B, North Gate, Gujranwala Town Part 2, Gujranwala Town, New Delhi, Delhi, 110033, India","DAY","Third Party","","Delhi","Delhi","4.1","479","true","28.6982183","77.1919848","OPERATIONAL","http://www.invitationk.com/"
"Dwarka Party Hall","078279 90768","B-52, Old Palam Rd, Nishat Park, Sector 15 Dwarka, South West, Delhi, 110078, India","DAY","Third Party","","Delhi","Delhi","3.8","13","true","28.6175011","77.0263211","OPERATIONAL","https://www.facebook.com/dwarkapartyhall"
"The Mohan's - Restro & Bar & Party Halls","084477 37561","3-4, Mohan Bazar, Central Market:, Ashok Vihar Phase 1 Rd, near Post Office, Wazirpur Village, Ashok Vihar, New Delhi, Delhi, 110052, India","DAY","Third Party","","Delhi","Delhi","3.8","716","false","28.6932259","77.1717699","OPERATIONAL","https://www.themohanhotel.com/"
"Banquet Halls in Rohini","079 6907 1916","B-1, opp. to petrol pump, Pocket 1, Sector 16, Rohini, New Delhi, Delhi, 110089, India","DAY","Third Party","","Delhi","Delhi","4.3","3","true","28.7363021","77.12836829999999","OPERATIONAL","https://weddingbanquets.in/banquet-halls/delhi/rohini"
"Abhishek Party hall","099875 97481","16-17, Patparganj Rd, Shiv Puri, Chander Nagar, Geeta Colony, Delhi, 110051, India","DAY","Third Party","","Delhi","Delhi","3.5","285","true","28.6512924","77.2784054","OPERATIONAL",""
"Banquet Halls in Punjabi Bagh","079 6907 1916","Lawn No. 2, Pocket 2, Punjabi Bagh, New Delhi, Delhi, 110063, India","DAY","Third Party","","Delhi","Delhi","5","1","true","28.6676405","77.1150548","OPERATIONAL","https://weddingbanquets.in/banquet-halls/delhi/punjabi-bagh"
"NAMASTE MEERUT RESTAURANT & PARTY HALL","098708 59592","NH-58, Rohta Rd, opposite Shobhapur, Meerut, Uttar Pradesh 250001, India","DAY","Third Party","","Delhi","Delhi","4.9","115","true","29.0036195","77.6481653","OPERATIONAL",""
"Tree Hut Party Hall by Kake di hatti","","WJCX+QW, Partapur, Meerut, Uttar Pradesh 250103, India","DAY","Third Party","","Delhi","Delhi","5","2","true","28.9219336","77.6498347","OPERATIONAL",""
"Rajdhani Party Lawn","098737 37485","Village, opposite Pathways School, Hazipur, Sector 104, Noida, Uttar Pradesh 201304, India","DAY","Third Party","","Delhi","Delhi","4.2","337","true","28.5411812","77.36898459999999","OPERATIONAL",""
"Lapearl Banquet, Indirapuram","099111 21219","SG-03, Near Axis Bank, Aditya Mall, Aditya Mega City, Vaibhav Khand, Indirapuram, Ghaziabad, Uttar Pradesh 201014, India","DAY","Third Party","","Delhi","Delhi","4.5","25","true","28.638651","77.36128889999999","OPERATIONAL",""
"Royal Pepper Banquet hall - Peeragarhi","088825 00400","metro, Peeragarhi, E-1, Rohtak - Delhi Rd, near Peeragarhi, Udyog Nagar, industrial area, New Delhi, Delhi, 110041, India","DAY","Third Party","","Delhi","Delhi","4.7","15789","true","28.6800273","77.0936913","OPERATIONAL","http://www.royalpepperbanquets.com/"
"Vardaan Palace Banquet and party Lawn Burari-the best banquet hall nearby burari santnagar delhi","087439 39797","Bus stand, Main, Burari Rd, Kurar Ibrahimpur Village, Ibrahimpur, Delhi, 110084, India","DAY","Third Party","","Delhi","Delhi","4.5","64","true","28.7757038","77.1795574","OPERATIONAL","http://www.suryabanquets.com/"
"Essex Banquet Hall Delhi","083685 48655","4, Sri Aurobindo Marg, Vijay Mandal Enclave, Hauz Khas, New Delhi, Delhi 110016, India","DAY","Third Party","","Delhi","Delhi","4.9","19","true","28.5440102","77.2013626","OPERATIONAL","https://essexbanquethalldelhi.lovable.app/"
"Saffron Banquet Hall Noida By City Stay","098990 24659","MAIN MARKET, DND ROAD, Raghunathpur, Sector 22, Noida, Uttar Pradesh 201301, India","DAY","Third Party","","Delhi","Delhi","4.5","1611","true","28.5946751","77.3423996","OPERATIONAL","http://www.saffronbanquethall.com/"
"Party Halls in Janakpuri","","A-2/13-14, Main, Pankha Rd, Block A2, Janakpuri, New Delhi, Delhi, 110058, India","DAY","Third Party","","Delhi","Delhi","5","2","true","28.620984","77.07172","OPERATIONAL","https://weddingbanquets.in/party-halls-in-janakpuri"
"The Royal Events & Banquets","096256 27543","Shakti Khand 2, Indirapuram, Ghaziabad, Uttar Pradesh 201014, India","DAY","Third Party","","Delhi","Delhi","4.8","63","true","28.6470989","77.37400439999999","OPERATIONAL",""
"MBV Luxury banquet hall in Ghaziabad","","near Kaushambi metro, Site 4, Sahibabad Industrial Area Site 4, Sahibabad, Ghaziabad, Uttar Pradesh 201010, India","DAY","Third Party","","Delhi","Delhi","5","6","true","28.6600065","77.3491997","OPERATIONAL","https://www.mybestvenue.com/"
"Vivaah Banquets By Veda Luxury Hospitality Pvt Ltd.","","nearby Dwarka Expressway, G99, Sector 99, Gurugram, Haryana 122505, India","DAY","Third Party","","Delhi","Delhi","4.9","17","true","28.4695436","76.96806149999999","OPERATIONAL","https://www.wedmegood.com/wedding-venues/Vivaah-Banquets-by-Veda-Luxury-Hospitality-26134454"
"The Roman Palace Banquet","088000 26092","The Roman Palace Banquet, behind HOMES-121, Garhi Chaukhandi, Sector 121, Noida, Uttar Pradesh 201316, India","DAY","Third Party","","Delhi","Delhi","4.7","511","true","28.5994738","77.3995692","OPERATIONAL",""
"Golden Apple Luxury Wedding Destination - Banquet Hall in Pitampura","098100 66211","Block C2, West Enclave, Pitampura, Delhi, 110034, India","DAY","Third Party","","Delhi","Delhi","4.5","1894","true","28.6894238","77.1057264","OPERATIONAL","https://golden-apple.in/"
"Grand Amara Banquets- Group Gurmeet","083684 04662","Cbd Ground, opposite unity one mall, Vishwas Nagar Extension, Vishwas Nagar, Shahdara, Delhi, 110032, India","DAY","Third Party","","Delhi","Delhi","4.5","903","true","28.660879","77.2983312","OPERATIONAL",""
"Vivaana by SK","092892 55799","F3P2+4VF Old Palam, Gurgaon - Delhi Expy, opp. Air Force Station, Gurugram, Haryana 122015, India","DAY","Third Party","","Delhi","Delhi","4.7","657","true","28.4854273","77.0524313","OPERATIONAL",""
"The White Palace Banquet By Khanak","099110 51250","Desai Village, Basai, Sector 70, Noida, Uttar Pradesh 201316, India","DAY","Third Party","","Delhi","Delhi","4.7","1308","true","28.5954064","77.3832157","OPERATIONAL","https://thewhitepalacebanquetbykhanak.in/"
"The Imperium (Beyond Luxury)","092206 41888","A-14, Mahatma Gandhi Rd, Block A, Wazirpur Industrial Area, Ashok Vihar, Delhi, 110052, India","DAY","Third Party","","Delhi","Delhi","4.5","300","true","28.7002582","77.1602185","OPERATIONAL","https://www.theimperiumbeyondluxury.com/"
"FOUR SEASON HOTEL & BANQUET","0120 524 4854","B1/2A, Dashrath Puri, Dwarka sector 1A Near Pracheen Shai Dev Mandir close to, gate 1, D-64-A, metro station, Block A, Dashrath Puri, Delhi, 110045, India","DAY","Third Party","","Delhi","Delhi","4.9","141","","28.6045265","77.08315189999999","CLOSED_TEMPORARILY","https://www.fourseasonhotelbanquet.in/"
"Golden Apple Luxury Wedding Destination - Banquet Hall in Delhi","098733 33219","opposite Mamta Modern School, Block H, Vikaspuri, Delhi, 110018, India","DAY","Third Party","","Delhi","Delhi","4.2","785","true","28.6460623","77.07293729999999","OPERATIONAL","https://golden-apple.in/golden-apple-vikaspuri/"
"Grand Imperia Banquet, Gurugram","092051 51599","C3G5+R7H M2K Corporate Park, Pearl Ln, Block N, Mayfield Garden, Sector 51, Gurugram, Haryana 122018, India","DAY","Third Party","","Delhi","Delhi","4.5","325","true","28.4269576","77.0586294","OPERATIONAL",""
"The Celebration AC luxury banquet","","F7FP+3PF, Suraj Kund Badkhal Rd, near Anandvan, Lakewood city, Surajkund, Faridabad, Haryana 121003, India","DAY","Third Party","","Delhi","Delhi","4.4","40","true","28.4726806","77.2867957","OPERATIONAL",""
"Moon Vilas Luxury Banquets","081301 91212","moon vilas luxury banquet, near hermitage huts, Lakewood city, Surajkund, Faridabad, Haryana 121009, India","DAY","Third Party","","Delhi","Delhi","4.6","25","true","28.4831312","77.2868641","OPERATIONAL","http://www.vardaanluxurybanquet.com/"
"ARAMBH The Grand Convention | Luxury Banquet Hall","","1 Killa No 23/2, Khewat No.2 Khata No.2, Mustil No.13, Old Delhi Road, opp. Pasco Automobile, Gurugram, Haryana 122001, India","DAY","Third Party","","Delhi","Delhi","4.6","33","true","28.4917118","77.05718329999999","OPERATIONAL","https://www.instagram.com/arambhthegrandconvention/"
"The Continental By Red Carpet","090059 00992","Plot # 1111, Raj Nagar Extension, Ghaziabad, Uttar Pradesh 201003, India","DAY","Third Party","","Delhi","Delhi","4.5","1231","true","28.6972533","77.43014749999999","OPERATIONAL","http://redcarpetbanquets.in/"
"The Rosario~ A Luxury Banquet","099906 60608","RZA1/20, Dabri - Palam Rd, Block A, Mahavir Enclave Part 1, Mahavir Enclave, New Delhi, Delhi, 110045, India","DAY","Third Party","","Delhi","Delhi","3.5","58","true","28.6030979","77.0824609","OPERATIONAL",""
"Raas The Luxury Banquet","099119 67200","Mukti Ashram, 100 Feet Rd, Block B, Keshav Nagar, Burari, Delhi, 110084, India","DAY","Third Party","","Delhi","Delhi","4.4","346","true","28.7820781","77.1800217","OPERATIONAL","http://www.raaswedding.com/"
"Grand Veridian Banquet","099901 90696","CBD Ground, Plot No. 1/1B, near The Leela Ambience Convention Hotel, Vishwas Nagar Extension, Karkardooma, Shahdara, Delhi, 110032, India","DAY","Third Party","","Delhi","Delhi","4.8","137","true","28.661666","77.3003691","OPERATIONAL",""
"Tivoli Lotus Court Banquet","084482 99927","Tivoli Lotus Court, 1, Sector 117 Main Rd, near Internal Capetown Society Road, Sector 74, Noida, Uttar Pradesh 201316, India","DAY","Third Party","","Delhi","Delhi","4.7","1759","true","28.581194","77.3935857","OPERATIONAL","https://thetivolihotels.com/hotel/tivoli-lotus-court"
"MIDORI BY TIVOLI","072900 35908","D Block, Kapas Hera, New Delhi, Delhi 110037, India","DAY","Third Party","","Delhi","Delhi","4.8","116","true","28.5235239","77.0925429","OPERATIONAL","https://thetivolihotels.com/hotel/tivoli-by-midori"
"The Shaurya Banquet","088803 88803","H9QJ+CHV, Noida Extension Main Road, Pan Oasis Society, Sarfabad Village, Sarfabad, Sector 73, Noida, Uttar Pradesh 201316, India","DAY","Third Party","","Delhi","Delhi","4.4","1211","true","28.5915798","77.38138","OPERATIONAL","https://www.theshauryabanquet.in/"
"Vardaan Luxury Banquets","096540 55519","Ibiza Town Surajkund, Lakewood city, Surajkund, Faridabad, Haryana 121009, India","DAY","Third Party","","Delhi","Delhi","4.5","251","true","28.483757","77.2884898","OPERATIONAL","https://vardaanbanquet.com/"
"Amira: Luxury Banquet Hall in Rohtak","","Haryana 124021, India","DAY","Third Party","","Delhi","Delhi","4.8","64","true","28.8409208","76.6821314","OPERATIONAL","https://www.instagram.com/amira_rohtak/"
"Kamal Mahal, Welcomhotel New Delhi by ITC Hotels - Luxury Banquet near Airport & Gurgaon for Business & Social Events","099113 38833","WelcomHotel by ITC, Gurgaon - Delhi Expy, near Toll Plaza, D Block, Kapas Hera, New Delhi, Delhi 110097, India","DAY","Third Party","","Delhi","Delhi","4.8","9","","28.5145288","77.0932637","OPERATIONAL","https://welcomhoteldelhi.com/banquet/"
"Emerald Greens | Banquet Hall in Govindpuram, Ghaziabad","097177 70709","E Block, Block D, Swaran Jayanti Puram, Govindpuram, Ghaziabad, Uttar Pradesh 201013, India","DAY","Third Party","","Delhi","Delhi","4.8","285","true","28.6946499","77.49143649999999","OPERATIONAL",""
"Royal Heritage | Fully AC Luxury Banquet & Wedding Farmhouse, Alipur","092130 92319","16/32 Main Bakhtawarpur road, GT Karnal Rd, near election office, Alipur, New Delhi, Delhi, 110036, India","DAY","Third Party","","Delhi","Delhi","4.8","176","true","28.8135532","77.15851219999999","OPERATIONAL",""
"The Grandeur By Lavanya-Moti Nagar","093112 22457","4, Najafgarh Road, Shivaji Marg, Moti Nagar, Karampura Industrial Area, Karam Pura, Delhi, 110015, India","DAY","Third Party","","Delhi","Delhi","4.4","1829","true","28.6627565","77.1527606","OPERATIONAL",""
"The White Paradise, Rohtak - Premium and Luxury Banquet","","Delhi Road, NH - 9, opp. LPS BOSSARD, Kharawar, Rohtak, Haryana 124021, India","DAY","Third Party","","Delhi","Delhi","4.7","41","true","28.8299507","76.69671369999999","OPERATIONAL","https://www.facebook.com/TheWhiteParadise"
"The Eastern Address | Luxury | Pure Veg | Banquet Hall In Delhi.","097177 94497","Devasya City Centre, Plot 11, near KARKARDOOMA COURT, Vishwas Nagar Extension, Vishwas Nagar, Shahdara, Delhi, 110092, India","DAY","Third Party","","Delhi","Delhi","4.7","112","true","28.6554126","77.299953","OPERATIONAL","https://www.instagram.com/theeasternaddress/"
"Vardaan Sandoz","088790 76469","Dilli Haat Pitampura, Guru Govind Singh College, Pitampura, Delhi, 110035, India","DAY","Third Party","","Delhi","Delhi","4.3","455","true","28.6960044","77.1505593","OPERATIONAL","http://www.sandozrestaurants.com/"
"Leluxe Banquets and Farm","097170 68887","Gwalpahari, Sector -2 Baliyawash, Faridabad - Gurgaon Rd, near Golden Tulip Hotel, Sector-2, Gurugram, Bandhwari, Haryana 122003, India","DAY","Third Party","","Delhi","Delhi","4.3","263","true","28.4258729","77.14293839999999","OPERATIONAL","http://www.leluxe.in/"
"Jalsa Luxury Banquet","","Metro Piller No.81, Near Nangli, Metro Station Najafgarh, Jai Vihar Colony, Masudabad, Najafgarh, New Delhi, Delhi, 110043, India","DAY","Third Party","","Delhi","Delhi","4.3","120","true","28.6154647","77.00565189999999","OPERATIONAL","http://jalsalb.com/"
"ARJUN Luxury Banquets","096250 82592","374, MBR Enclave, Block B, Pochanpur Colony, Dwarka, New Delhi, Delhi, 110077, India","DAY","Third Party","","Delhi","Delhi","4.1","37","true","28.5594902","77.0509056","OPERATIONAL",""
"The Grand Amour - Bansal's","","Plot no 19, opposite CRPF camp, Suthiyana, Habibpur, Greater Noida, Uttar Pradesh 201306, India","DAY","Third Party","","Delhi","Delhi","5","30","","28.5237275","77.4517192","OPERATIONAL","https://thegrandamour.com/"
"The Romania - Luxury Wedding Spaces","089508 69809","By-Pass, Delhi Rd, opposite Kainos Hospital, Kheri Sadh, Rohtak, Haryana 124021, India","DAY","Third Party","","Delhi","Delhi","4.7","86","true","28.8519692","76.6693008","OPERATIONAL","https://sites.google.com/view/the-romania-com/home"
"Devam Palace Banquet","093102 49487","Plot no- 32, Sector 19, Pocket 2, Dwarka, New Delhi, Delhi, 110075, India","DAY","Third Party","","Delhi","Delhi","4.3","140","true","28.5818352","77.05016719999999","OPERATIONAL","https://devampalace.com/"
"Rajwada Palace ~ The Riyasat","075007 60007","B-99, Shalimar Bagh, Block B, Wazirpur Industrial Area, Wazirpur, Delhi, 110052, India","DAY","Third Party","","Delhi","Delhi","4.2","756","true","28.7035088","77.1702581","OPERATIONAL","https://www.instagram.com/rajwada.riyasat/"
"The Nikunj Hotel","097739 94535","National Highway, 8, 22nd Milestone, near IGI Airport, Avenue Bouganvillea, Rangpuri, New Delhi, Delhi 110038, India","DAY","Third Party","","Delhi","Delhi","4.4","6383","true","28.528125","77.1047689","OPERATIONAL","https://thenikunjhotels.com/"
"Tivoli Royal Court","085888 50354","Tivoli Royal Court, D-185, Pocket D, Okhla Phase I, Okhla Industrial Estate, New Delhi, Delhi 110020, India","DAY","Third Party","","Delhi","Delhi","4.3","467","true","28.5212828","77.2771303","OPERATIONAL","https://thetivolihotels.com/hotel/tivoli-royal-court-okhla/"
"REVELLO","085120 20200","D Block, D Block, Kapas Hera Estate, New Delhi, Delhi 110097, India","DAY","Third Party","","Delhi","Delhi","4.4","153","true","28.5258989","77.0923502","OPERATIONAL","https://www.instagram.com/the.revello"
"Vardaan-A Luxury Wedding Resort","073302 22228","VJHM+9MP, Delhi Rd, Rohtak, Haryana 124021, India","DAY","Third Party","","Delhi","Delhi","4.3","87","true","28.8783855","76.6335342","OPERATIONAL","https://vardaanbanquet.com/"
"Royal crest banquet","","Royal crest banquet, near heritage badminton academy, Sector 37C, Gurugram, Haryana 122001, India","DAY","Third Party","","Delhi","Delhi","5","20","true","28.4520863","76.9876915","OPERATIONAL",""
"GRAND IMPERIA NORTH BANQUET","098109 10371","A 7, opp. Gujranwala Town, near SAYA AUTO MARUTI SHOWROOM, GT Karnal Road Industrial Area, Ashok Vihar, Delhi, 110033, India","DAY","Third Party","","Delhi","Delhi","4.5","3339","true","28.6995422","77.1823363","OPERATIONAL","https://grandimperia.com/"
"The Veloura by Mithas","095999 77760","Main chattarpur Road, opposite durga temple, Fatehpuri beri, chattarpur, Asola, Chandan Hola, New Delhi, Delhi 110074, India","DAY","Third Party","","Delhi","Delhi","5","4","true","28.461202","77.1850307","OPERATIONAL",""
"The Luxe Atlantis By Kohli Tents","","P523+GC3, Block SP, Poorvi Pitampura, Pitampura, Delhi, 110034, India","DAY","Third Party","","Delhi","Delhi","4.4","113","true","28.7012646","77.15356229999999","OPERATIONAL",""
"Golden Dream Banquet","078389 35373","Khasra No 607, near Diamond Crown, Hoshiyarpur, Sector 51, Noida, Uttar Pradesh 201303, India","DAY","Third Party","","Delhi","Delhi","4.5","343","true","28.5790518","77.3696169","OPERATIONAL","https://www.bobbytikkiwala.in/"
"Jade Luxury Banquets","","Bandh Rd, Chhatarpur Farms, Radhey Mohan Drive, New Delhi, Delhi 110030, India","DAY","Third Party","","Delhi","Delhi","4.6","17","","28.4745134","77.16601899999999","OPERATIONAL",""
"Omyra Banquet","092172 29082","JH-04, Garhi Village, Sector 143B, Noida, Uttar Pradesh 201304, India","DAY","Third Party","","Delhi","Delhi","4.8","86","","28.4975035","77.4250546","OPERATIONAL","https://omyragroup.com/"
"GOLDEN Apple Rohini - Best Weddings & Events Venue | Luxurious Banquet Hall","099999 52025","Twin District Center, near Crowne Plaza, Swarn Jayanti Park, Sector 10, Rohini, New Delhi, Delhi, 110085, India","DAY","Third Party","","Delhi","Delhi","4.8","1462","true","28.7197168","77.1114643","OPERATIONAL","https://golden-apple.in/golden-apple-rohini/"
"The Mansion","011 2679 1234","Hyatt Regency, The Mansion Bhikaiji Cama Place, Ring Road, Bhikaji Cama Place, Rama Krishna Puram, New Delhi, Delhi 110066, India","DAY","Third Party","","Delhi","Delhi","4.5","233","true","28.5689581","77.1846735","OPERATIONAL","https://www.hyatt.com/en-US/hotel/india/hyatt-regency-delhi/delrd/special-events?src=glpaces_delrd_themansion"
"Kohli's Regency || Premium Luxury Banquet || Gurgaon","093184 55788","Recreational Centre, Southern Peripheral Rd, next to Spaze Palazo, near Vatika Chowk, Sector 69, Gurugram, Haryana 122001, India","DAY","Third Party","","Delhi","Delhi","4.4","705","true","28.400252","77.038991","OPERATIONAL","http://kohlisregency.in/"
"The Sherioan by Kawatras","091111 00003","20/6, Pocket 2, Sector 5, Faridabad, Haryana 121001, India","DAY","Third Party","","Delhi","Delhi","4.4","489","true","28.3588091","77.3151184","OPERATIONAL","http://www.thesherioan.com/"
"Lavanya Dreams Banquet","084308 00800","Udyog Nagar, D-13, Main Rohtak Rd, Udyog Nagar, Paschim Vihar, New Delhi, Delhi, 110041, India","DAY","Third Party","","Delhi","Delhi","3.7","4882","true","28.6811895","77.0838533","OPERATIONAL",""
"Rosella by SK","","15/1, NH-19, HBH Colony, Sector 27/A, Faridabad, Haryana 121003, India","DAY","Third Party","","Delhi","Delhi","4.5","1492","true","28.4406914","77.30814170000001","OPERATIONAL",""
"Cloud banquet hall Noida","084481 03492","Sector 75, Noida, Uttar Pradesh 201301, India","DAY","Third Party","","Delhi","Delhi","4.9","56","true","28.5777295","77.3847808","OPERATIONAL","https://cloudbanquethallnoida.in/"
"Elara Banquets Hall","","near Amity International School, Sector 4, Sector 4A, Vasundhara, Ghaziabad, Uttar Pradesh 201012, India","DAY","Third Party","","Delhi","Delhi","4.3","1622","true","28.6668859","77.38215079999999","OPERATIONAL",""
"Mosaic Sandoz Banquet Hall","070650 80003","A 2, Block A, Wazirpur Industrial Area, Ashok Vihar, Delhi, 110052, India","DAY","Third Party","","Delhi","Delhi","4.2","3726","true","28.7010916","77.1641021","OPERATIONAL",""
"La Platinum Banquet Hall","080 4816 5264","71, 5, Najafgarh Rd, Moti Nagar, Block C, Najafgarh Road Industrial Area, New Delhi, Delhi, 110015, India","DAY","Third Party","","Delhi","Delhi","3.7","368","true","28.6609231","77.1498481","OPERATIONAL","https://weddingz.in/delhi/la-platinum-banquet-hall-najafgarh-road-industrial-area/"
"Aziza Banquet Hall, Kapashera, Delhi","","G3GV+3GC, Rajokri Rd, D Block, Kapas Hera, New Delhi, Delhi 110097, India","DAY","Third Party","","Delhi","Delhi","4.6","33","true","28.5251842","77.0937665","OPERATIONAL",""
"Lime Tree Banquet Hall in Greater Noida","070112 67479","BA-132, Sector Omega 1, near Pari Chowk, opp. India Expo Mart Circle, Block B, Ansal Golf Link -1, Greater Noida, Uttar Pradesh 201308, India","DAY","Third Party","","Delhi","Delhi","4.4","65","true","28.4625601","77.50636109999999","OPERATIONAL","https://www.limetreehotels.com/lime-tree-hotel-and-banquet-greater-noida/"
"Aqua Tree Banquet Hall & Convention Centre","085868 78880","B -19, behind jhilmil metro station, Jhilmil Industrial Area, Jhilmil Colony, New Delhi, Delhi, 110095, India","DAY","Third Party","","Delhi","Delhi","4","320","true","28.675218","77.31194169999999","OPERATIONAL",""
"Golden First Banquet Hall","083839 58136","Nathu Matket, 34/1, Johripur Rd, near Shani Bazaar, Johripur Extension, Johripur, Delhi, 110090, India","DAY","Third Party","","Delhi","Delhi","4.2","67","true","28.7137618","77.2837946","OPERATIONAL",""
"Goyal Banquet Hall","098103 53967","A/1135,Block H ,Gali No 16, New, New, Block H, Sangam Vihar, New Delhi, Delhi 110080, India","DAY","Third Party","","Delhi","Delhi","3.9","197","true","28.5007067","77.2547359","OPERATIONAL",""
"The Grand Palace, Banquet Hall","080 4812 3101","The Grand Palace, 212, Mall Rd, opp. Eros, Shakti Khand 2, Indirapuram, Ghaziabad, Uttar Pradesh 201014, India","DAY","Third Party","","Delhi","Delhi","3.6","351","true","28.6470811","77.3742249","OPERATIONAL","https://weddingz.in/ghaziabad/the-grand-palace-indirapuram/"
"The Grand Pearl Banquet Hall","076785 01521","DDA Flats, Pocket-3, Block D, Uttam Nagar, Bindapur, New Delhi, Delhi, 110059, India","DAY","Third Party","","Delhi","Delhi","4.1","119","true","28.6079598","77.0665028","OPERATIONAL","https://grandpearl.in/"
"The Greetings Banquet Hall","011 4001 6208","The Greetings Banquet, G-3 Cascade Shopping Center Netaji Subhash Place, Pitampura, Netaji Subhash Place, Shakurpur, New Delhi, Delhi, 110034, India","DAY","Third Party","","Delhi","Delhi","3.9","129","true","28.6927652","77.1488972","OPERATIONAL","https://weddingz.in/delhi/the-greetings-banquet-wazirpur/"
"The Great Callina Banquet Hall","099108 01927","Plot no A 16/18, sahibabad site-4, industrial area link Road Police chowki, Rapid Metro, near Sahibabad, PIR Colony, Sahibabad Industrial Area Site 4, Sahibabad, Ghaziabad, Uttar Pradesh 201010, India","DAY","Third Party","","Delhi","Delhi","3.8","862","true","28.6702428","77.36201179999999","OPERATIONAL","http://www.thegreatcallinabanquet.com/"
"Regal Dreams Banquet Hall","084479 01433","A-21A Main Wazirabad Road, Brij puri, opp. Metro Pillar No 64, Block C, Yamuna Vihar, New Mustafabad, Delhi, 110053, India","DAY","Third Party","","Delhi","Delhi","4.8","11","true","28.7030054","77.2729968","OPERATIONAL",""
"Vandana Green- banquet hall in vasundhara , banquet hall in vaishali","092209 06216","Main Link Road, near Indian Oil Petrol Pump, Prahlad Garhi Village, Vasundhara, Ghaziabad, Uttar Pradesh 201012, India","DAY","Third Party","","Delhi","Delhi","3.5","44","true","28.6575816","77.353109","OPERATIONAL",""
"Tivash Banquet Hall Noida","098116 78445","Lotus Krishna Mart, opp. Indosam Apartment, Sector 75, Noida, Uttar Pradesh 201316, India","DAY","Third Party","","Delhi","Delhi","4.8","446","","28.5792502","77.38270039999999","OPERATIONAL","https://tivash.com/"
"SK Precious Banquet","098714 43777","Plot No, 15 & Plot No.16, 16, Janakpuri District Center, Janakpuri, New Delhi, Delhi, 110058, India","DAY","Third Party","","Delhi","Delhi","4.1","2967","true","28.6286568","77.0795365","OPERATIONAL","http://www.preciousbanquets.com/"
"Grand Medrine Banquet Hall Rohtak","098960 36463","Grand Medrine, Sonipat Rd, near Shiela Cineplex, Chankyapuri, Rohtak, Haryana 124001, India","DAY","Third Party","","Delhi","Delhi","4.7","204","true","28.8959622","76.6066647","OPERATIONAL",""
"A K Grand Banquet Hall","","Sainik Enclave, Raksha Enclave Extension, Block WE, Mohan Garden, Uttam Nagar, Delhi, 110059, India","DAY","Third Party","","Delhi","Delhi","3.4","16","false","28.6419476","77.0320687","OPERATIONAL",""
"Hotel Sunrise Villa, Banquet Hall","011 4014 8031","Hotel Sunrise Villa, L-13, Block L, Kalkaji, New Delhi, Delhi 110019, India","DAY","Third Party","","Delhi","Delhi","3.3","16","true","28.53674","77.257842","OPERATIONAL","https://weddingz.in/delhi/hotel-sunrise-villa-kalkaji/"
"The Grand Sapphire Ballroom","011 7172 1234","The Leela Ambience Convention Hotel, 1, Maharaja Surajmal Marg, nearby YAMUNA SPORTS COMPLEX, Vishwas Nagar Extension, Vishwas Nagar, Shahdara, Delhi, 110032, India","DAY","Third Party","","Delhi","Delhi","4.3","10","true","28.662086","77.30210679999999","OPERATIONAL","https://www.theleela.com/the-leela-ambience-convention-hotel-delhi/weddings/"
"Banquet Hall In Sector 7, Dwarka","","Dataram Marg, Plot No 301, Sector 7 Dwarka, Dwarka, New Delhi, Delhi, 110075, India","DAY","Third Party","","Delhi","Delhi","4.6","5","true","28.5930601","77.0757323","OPERATIONAL","https://weddingbanquets.in/banquet-halls-in-dwarka"
"Aurum Banquet Hall & Farm","098115 09112","Pillar No.31B, Near, मेहरौली-गुड़गांव मार्ग, सुल्तानपुर, नई दिल्ली, दिल्ली 110030, India","DAY","Third Party","","Delhi","Delhi","4.2","1745","true","28.5001014","77.16413170000001","OPERATIONAL","http://latagreens.com/"
"Golden Dream Vista","099997 72527","Khasra 832, Chauganpur, Knowledge Park V, Bisrakh Jalalpur, Greater Noida, Uttar Pradesh 201306, India","DAY","Third Party","","Delhi","Delhi","4.6","1057","true","28.5582618","77.458835","OPERATIONAL",""
"The Grand Rama Ceremonial Wedding venue in greater noida","098595 91122","Plot No 22, opposite CRPF Camp, Suthiyana, Greater Noida, Habibpur, Uttar Pradesh 201306, India","DAY","Third Party","","Delhi","Delhi","4.2","1611","true","28.5222543","77.45126429999999","OPERATIONAL","https://www.ramabanquets.com/grand-ceremonial-noida/"
"Ananda Banquet Hall | Perfect Venue for Small Gathering in Moti Nagar | Wedding Venue in West Delhi","098702 09971","33/33a, Rama Road, Block C, opposite Apollo cradle hospital, Kirti Nagar Industrial Area, Najafgarh Road Industrial Area, New Delhi, Delhi, 110015, India","DAY","Third Party","","Delhi","Delhi","3.9","256","true","28.660262","77.15167","OPERATIONAL","https://www.instagram.com/anandabanquet_official/"
"Hollywood Dreams","087007 51701","Metro Station Vaishali, Sector 4, Vaishali, Ghaziabad, Uttar Pradesh 201019, India","DAY","Third Party","","Delhi","Delhi","4.5","2184","true","28.6497417","77.3386759","OPERATIONAL","https://www.hollywooddreams.in/"
"Ambrosia Palace","096677 90782","Plot No.3, opp. Cloud 9 Towers, Sector 3F, Sector 3, Vaishali, Ghaziabad, Uttar Pradesh 201019, India","DAY","Third Party","","Delhi","Delhi","4.5","1085","true","28.6409111","77.3359438","OPERATIONAL","http://ambrosiapalace.in/"
"Raj Party Lounge","098185 00501","Behind Pacific Mall, Site 4, Sahibabad Industrial Area Site 4, Sahibabad, Ghaziabad, Uttar Pradesh 201010, India","DAY","Third Party","","Delhi","Delhi","4.7","1442","true","28.6487494","77.322064","OPERATIONAL","https://business.google.com/site/l/10177925454887017370?hl=en-GB"
"Swarn Banquet - Wedding Reception Venue, Wedding Planning, Corporate Events & Training and Banquet Hall in Noida","098115 21021","C-20/2, C Block, Phase 2, Industrial Area, Sector 62, Noida, Uttar Pradesh 201309, India","DAY","Third Party","","Delhi","Delhi","4.4","308","true","28.6128671","77.3608756","OPERATIONAL","http://swarnbanquet.com/"
"A DOT by GNH","096503 94476","Golf Dr, behind The Leela Hotel, Ambience Island, DLF Phase 3, Sector 24, Gurugram, Haryana 122010, India","DAY","Third Party","","Delhi","Delhi","4.6","4967","true","28.4983468","77.1065569","OPERATIONAL","http://www.gnhhotels.com/"
"DELITE FOREVER","","Suraj Kund Rd, Ankheer, Faridabad, Haryana 121004, India","DAY","Third Party","","Delhi","Delhi","4.5","1175","true","28.4297351","77.28643249999999","OPERATIONAL",""
"Banquet Halls in Wazirpur","079 6907 1919","C 91/10, Wazirpur Industrial Area Rd, opp. Shalimar Bagh, Block B, Wazirpur Industrial Area, Ashok Vihar, New Delhi, Delhi, 110052, India","DAY","Third Party","","Delhi","Delhi","4","5","true","28.7024961","77.1676375","OPERATIONAL","https://weddingbanquets.in/banquet-halls/delhi/wazirpur"
"Banquet Halls in Hari Nagar","079 6908 1906","1B, Sub District Center,Hari Nagar New Delhi, Block BE, Hari Nagar, Delhi, 110064, India","DAY","Third Party","","Delhi","Delhi","","","true","28.6303662","77.1195223","OPERATIONAL","https://weddingbanquets.in/banquet-halls/delhi/hari-nagar"
"5, Ashoka Road, New Delhi 110001","","5, Ashoka Rd, Janpath, Connaught Place, New Delhi, Delhi 110001, India","DAY","Third Party","","Delhi","Delhi","4.4","933","true","28.6171238","77.2246267","OPERATIONAL",""
"Shehnai Banquet","092929 29206","Near Delhi Gate, Jawaharlal Nehru Marg, Turkman Gate, Chandni Chowk, New Delhi, Delhi, 110002, India","DAY","Third Party","","Delhi","Delhi","4.2","260","true","28.6403402","77.2375842","OPERATIONAL","http://shehnaibanquet.com/"
"Club Riviera by FNP Venues","078278 12345","NH - 8, Golf Dr, behind the leela Hotel Ambience, DLF Phase 3, Sector 24, Gurugram, Haryana 122010, India","DAY","Third Party","","Delhi","Delhi","4.5","1993","true","28.4988759","77.1083032","OPERATIONAL","https://www.fnpvenues.com/wedding-venues-gurgaon/club-riviera/"
"Weddingz.In Banquet, Vivek Vihar","080 4812 3602","Plot C, Vivek Vihar Community Center, next to Bar-B-Que. Nation, Block C, Surajmal Vihar, Delhi, 110092, India","DAY","Third Party","","Delhi","Delhi","3.9","306","true","28.6657455","77.3039087","OPERATIONAL","https://weddingz.in/delhi/weddingzin-banquet-naraina/"
"Woodland Lawns","","Gymkhana Club Guard Room, 2, Safdarjung Rd, Safdarjung Lane Area, Delhi Gymkhana Club, New Delhi, Delhi 110011, India","DAY","Third Party","","Delhi","Delhi","4.1","25","","28.5977187","77.2045071","OPERATIONAL",""
"Amber Mahal | banquet hall in Ghaziabad | Wedding hall in Ghaziabad","098105 57519","354, VIP Road, Pandav Nagar, Ghaziabad, Uttar Pradesh 201002, India","DAY","Third Party","","Delhi","Delhi","4","1260","true","28.6575046","77.46972679999999","OPERATIONAL","https://ambermahal.com/"
"Majestic Crown Banquet","072930 27777","24, Najafgarh Rd, Block C, Najafgarh Road Industrial Area, New Delhi, Delhi, 110015, India","DAY","Third Party","","Delhi","Delhi","4.8","19264","true","28.66409669999999","77.15718559999999","OPERATIONAL","http://bitly.ws/fLsW"
"The Grand Horizon","098997 12822","Shivaji Marg, Moti Nagar, Karampura Industrial Area, Najafgarh Road Industrial Area, Delhi, 110015, India","DAY","Third Party","","Delhi","Delhi","4.2","2632","true","28.6615918","77.150921","OPERATIONAL","https://www.instagram.com/thegrandhorizonbanquet/"
"Pushpanjali Wedding Venues","098733 27960","Khasra No. 509 Gurgaon Road Opposite Fun N Food Village, D Block, Kapas Hera, New Delhi, Delhi 110097, India","DAY","Third Party","","Delhi","Delhi","4.4","7","true","28.5206426","77.0824428","OPERATIONAL","https://www.getyourvenue.com/popular-choices/wedding-venues-in-nh8-pushpanjali/"